  0.00000000000000E+00,  0.10000000000000E+01,  0.10000000000000E+01, -0.25759546791672E-02,  0.00000000000000E+00,  0.00000000000000E+00,  0.16000000000000E+02,  0.52276844364485E-06,  0.71210245768229E+04
  0.25000000000000E-05,  0.10075757575758E+01,  0.00000000000000E+00, -0.32787065924086E-02, -0.25000000000000E-05, -0.25000000000000E-05,  0.32000000000000E+02,  0.84554093160102E-06,  0.82273048897175E+04
  0.50000000000000E-05,  0.10151515151515E+01,  0.00000000000000E+00, -0.39814585056499E-02, -0.50000000000000E-05, -0.50000000000000E-05,  0.32000000000000E+02,  0.84530646326402E-06,  0.93336646296954E+04
  0.75000000000000E-05,  0.10227272727273E+01,  0.00000000000000E+00, -0.46842104188913E-02, -0.75000000000000E-05, -0.75000000000000E-05,  0.32000000000000E+02,  0.84507199492701E-06,  0.10440024369673E+05
  0.10000000000000E-04,  0.10303030303030E+01,  0.00000000000000E+00, -0.54579591423008E-02, -0.10000000000000E-04, -0.10000000000000E-04,  0.44000000000000E+02,  0.12661619378013E-05,  0.11373403300584E+05
  0.12500000000000E-04,  0.10378787878788E+01,  0.00000000000000E+00, -0.62621350700681E-02, -0.12500000000000E-04, -0.12500000000000E-04,  0.44000000000000E+02,  0.12657119559314E-05,  0.12232647599037E+05
  0.15000000000000E-04,  0.10454545454545E+01,  0.00000000000000E+00, -0.70663109978354E-02, -0.15000000000000E-04, -0.15000000000000E-04,  0.44000000000000E+02,  0.12652619740614E-05,  0.13091891897491E+05
  0.17500000000000E-04,  0.10530303030303E+01,  0.00000000000000E+00, -0.79071771724206E-02, -0.17500000000000E-04, -0.17500000000000E-04,  0.52000000000000E+02,  0.13229525087184E-05,  0.13882262366504E+05
  0.20000000000000E-04,  0.10606060606061E+01,  0.00000000000000E+00, -0.88030787172327E-02, -0.20000000000000E-04, -0.20000000000000E-04,  0.52000000000000E+02,  0.13224756819697E-05,  0.14569322091356E+05
  0.22500000000000E-04,  0.10681818181818E+01,  0.00000000000000E+00, -0.96989802620448E-02, -0.22500000000000E-04, -0.22500000000000E-04,  0.52000000000000E+02,  0.13219988552210E-05,  0.15256381816209E+05
  0.25000000000000E-04,  0.10757575757576E+01,  0.00000000000000E+00, -0.10594881806857E-01, -0.25000000000000E-04, -0.25000000000000E-04,  0.52000000000000E+02,  0.13215220284723E-05,  0.15943441541062E+05
  0.27500000000000E-04,  0.10833333333333E+01,  0.00000000000000E+00, -0.11490783351669E-01, -0.27500000000000E-04, -0.27500000000000E-04,  0.52000000000000E+02,  0.13210452017237E-05,  0.16630501265914E+05
  0.30000000000000E-04,  0.10909090909091E+01,  0.00000000000000E+00, -0.12431865794510E-01, -0.30000000000000E-04, -0.30000000000000E-04,  0.80000000000000E+02,  0.18156017289471E-05,  0.17253874842172E+05
  0.32500000000000E-04,  0.10984848484848E+01,  0.00000000000000E+00, -0.13428169334941E-01, -0.32500000000000E-04, -0.32500000000000E-04,  0.80000000000000E+02,  0.18148524744316E-05,  0.17799409792368E+05
  0.35000000000000E-04,  0.11060606060606E+01,  0.00000000000000E+00, -0.14424472875372E-01, -0.35000000000000E-04, -0.35000000000000E-04,  0.80000000000000E+02,  0.18141032199161E-05,  0.18344944742565E+05
  0.37500000000000E-04,  0.11136363636364E+01,  0.00000000000000E+00, -0.15420776415803E-01, -0.37500000000000E-04, -0.37500000000000E-04,  0.80000000000000E+02,  0.18133539654005E-05,  0.18890479692761E+05
  0.40000000000000E-04,  0.11212121212121E+01,  0.00000000000000E+00, -0.16417079956235E-01, -0.40000000000000E-04, -0.40000000000000E-04,  0.80000000000000E+02,  0.18126047108850E-05,  0.19436014642957E+05
  0.42500000000000E-04,  0.11287878787879E+01,  0.00000000000000E+00, -0.17413383496666E-01, -0.42500000000000E-04, -0.42500000000000E-04,  0.80000000000000E+02,  0.18118554563695E-05,  0.19981549593154E+05
  0.45000000000000E-04,  0.11363636363636E+01,  0.00000000000000E+00, -0.18409687037097E-01, -0.45000000000000E-04, -0.45000000000000E-04,  0.80000000000000E+02,  0.18111062018540E-05,  0.20527084543350E+05
  0.47500000000000E-04,  0.11439393939394E+01,  0.00000000000000E+00, -0.19408983706603E-01, -0.47500000000000E-04, -0.47500000000000E-04,  0.10000000000000E+03,  0.21989667504349E-05,  0.21069129298629E+05
  0.50000000000000E-04,  0.11515151515152E+01,  0.00000000000000E+00, -0.20525012410003E-01, -0.50000000000000E-04, -0.50000000000000E-04,  0.10400000000000E+03,  0.22800441733676E-05,  0.21475056452108E+05
  0.52500000000000E-04,  0.11590909090909E+01,  0.00000000000000E+00, -0.21641041113403E-01, -0.52500000000000E-04, -0.52500000000000E-04,  0.10400000000000E+03,  0.22790268428804E-05,  0.21880983605587E+05
  0.55000000000000E-04,  0.11666666666667E+01,  0.00000000000000E+00, -0.22757069816803E-01, -0.55000000000000E-04, -0.55000000000000E-04,  0.10400000000000E+03,  0.22780095123932E-05,  0.22286910759066E+05
  0.57500000000000E-04,  0.11742424242424E+01,  0.00000000000000E+00, -0.23873098520204E-01, -0.57500000000000E-04, -0.57500000000000E-04,  0.10400000000000E+03,  0.22769921819060E-05,  0.22692837912546E+05
  0.60000000000000E-04,  0.11818181818182E+01,  0.00000000000000E+00, -0.24989127223604E-01, -0.60000000000000E-04, -0.60000000000000E-04,  0.10400000000000E+03,  0.22759748514188E-05,  0.23098765066025E+05
  0.62500000000000E-04,  0.11893939393939E+01,  0.00000000000000E+00, -0.26105155927004E-01, -0.62500000000000E-04, -0.62500000000000E-04,  0.10400000000000E+03,  0.22749575209316E-05,  0.23504692219504E+05
  0.65000000000000E-04,  0.11969696969697E+01,  0.00000000000000E+00, -0.27221184630404E-01, -0.65000000000000E-04, -0.65000000000000E-04,  0.10400000000000E+03,  0.22739401904443E-05,  0.23910619372983E+05
  0.67500000000000E-04,  0.12045454545455E+01,  0.00000000000000E+00, -0.28337213333804E-01, -0.67500000000000E-04, -0.67500000000000E-04,  0.10400000000000E+03,  0.22729228599571E-05,  0.24316546526463E+05
  0.70000000000000E-04,  0.12121212121212E+01,  0.00000000000000E+00, -0.29453242037204E-01, -0.70000000000000E-04, -0.70000000000000E-04,  0.10400000000000E+03,  0.22719055294699E-05,  0.24722473679942E+05
  0.72500000000000E-04,  0.12196969696970E+01,  0.00000000000000E+00, -0.30569270740605E-01, -0.72500000000000E-04, -0.72500000000000E-04,  0.10400000000000E+03,  0.22708881989827E-05,  0.25128400833421E+05
  0.75000000000000E-04,  0.12272727272727E+01,  0.00000000000000E+00, -0.31685299444005E-01, -0.75000000000000E-04, -0.75000000000000E-04,  0.10400000000000E+03,  0.22698708684955E-05,  0.25534327986900E+05
  0.77500000000000E-04,  0.12348484848485E+01,  0.00000000000000E+00, -0.32901097899102E-01, -0.77500000000000E-04, -0.77500000000000E-04,  0.14400000000000E+03,  0.29694947888467E-05,  0.25847883816189E+05
  0.80000000000000E-04,  0.12424242424242E+01,  0.00000000000000E+00, -0.34129543224132E-01, -0.80000000000000E-04, -0.80000000000000E-04,  0.14400000000000E+03,  0.29680767743529E-05,  0.26149730604384E+05
  0.82500000000000E-04,  0.12500000000000E+01,  0.00000000000000E+00, -0.35357988549163E-01, -0.82500000000000E-04, -0.82500000000000E-04,  0.14400000000000E+03,  0.29666587598592E-05,  0.26451577392578E+05
  0.85000000000000E-04,  0.12575757575758E+01,  0.00000000000000E+00, -0.36586433874193E-01, -0.85000000000000E-04, -0.85000000000000E-04,  0.14400000000000E+03,  0.29652407453655E-05,  0.26753424180773E+05
  0.87500000000000E-04,  0.12651515151515E+01,  0.00000000000000E+00, -0.37814879199223E-01, -0.87500000000000E-04, -0.87500000000000E-04,  0.14400000000000E+03,  0.29638227308718E-05,  0.27055270968967E+05
  0.90000000000000E-04,  0.12727272727273E+01,  0.00000000000000E+00, -0.39043324524254E-01, -0.90000000000000E-04, -0.90000000000000E-04,  0.14400000000000E+03,  0.29624047163781E-05,  0.27357117757161E+05
  0.92500000000000E-04,  0.12803030303030E+01,  0.00000000000000E+00, -0.40271769849284E-01, -0.92500000000000E-04, -0.92500000000000E-04,  0.14400000000000E+03,  0.29609867018844E-05,  0.27658964545356E+05
  0.95000000000000E-04,  0.12878787878788E+01,  0.00000000000000E+00, -0.41500215174315E-01, -0.95000000000000E-04, -0.95000000000000E-04,  0.14400000000000E+03,  0.29595686873907E-05,  0.27960811333550E+05
  0.97500000000000E-04,  0.12954545454545E+01,  0.00000000000000E+00, -0.42728660499345E-01, -0.97500000000000E-04, -0.97500000000000E-04,  0.14400000000000E+03,  0.29581506728970E-05,  0.28262658121745E+05
  0.10000000000000E-03,  0.13030303030303E+01,  0.00000000000000E+00, -0.43957105824375E-01, -0.10000000000000E-03, -0.10000000000000E-03,  0.14400000000000E+03,  0.29567326584033E-05,  0.28564504909939E+05
  0.10250000000000E-03,  0.13106060606061E+01,  0.00000000000000E+00, -0.45185551149406E-01, -0.10250000000000E-03, -0.10250000000000E-03,  0.14400000000000E+03,  0.29553146439096E-05,  0.28866351698134E+05
  0.10500000000000E-03,  0.13181818181818E+01,  0.00000000000000E+00, -0.46413996474436E-01, -0.10500000000000E-03, -0.10500000000000E-03,  0.14400000000000E+03,  0.29538966294159E-05,  0.29168198486328E+05
  0.10750000000000E-03,  0.13257575757576E+01,  0.00000000000000E+00, -0.47642441799466E-01, -0.10750000000000E-03, -0.10750000000000E-03,  0.14400000000000E+03,  0.29524786149222E-05,  0.29470045274523E+05
  0.11000000000000E-03,  0.13333333333333E+01,  0.00000000000000E+00, -0.48942540823241E-01, -0.11000000000000E-03, -0.11000000000000E-03,  0.18500000000000E+03,  0.35856680548479E-05,  0.29732703830295E+05
  0.11250000000000E-03,  0.13409090909091E+01,  0.00000000000000E+00, -0.50275209710082E-01, -0.11250000000000E-03, -0.11250000000000E-03,  0.18500000000000E+03,  0.35838709662084E-05,  0.29977549553149E+05
  0.11500000000000E-03,  0.13484848484848E+01,  0.00000000000000E+00, -0.51607878596922E-01, -0.11500000000000E-03, -0.11500000000000E-03,  0.18500000000000E+03,  0.35820738775689E-05,  0.30222395276002E+05
  0.11750000000000E-03,  0.13560606060606E+01,  0.00000000000000E+00, -0.52940547483762E-01, -0.11750000000000E-03, -0.11750000000000E-03,  0.18500000000000E+03,  0.35802767889294E-05,  0.30467240998856E+05
  0.12000000000000E-03,  0.13636363636364E+01,  0.00000000000000E+00, -0.54273216370603E-01, -0.12000000000000E-03, -0.12000000000000E-03,  0.18500000000000E+03,  0.35784797002899E-05,  0.30712086721709E+05
  0.12250000000000E-03,  0.13712121212121E+01,  0.00000000000000E+00, -0.55605885257443E-01, -0.12250000000000E-03, -0.12250000000000E-03,  0.18500000000000E+03,  0.35766826116504E-05,  0.30956932444563E+05
  0.12500000000000E-03,  0.13787878787879E+01,  0.00000000000000E+00, -0.56938554144284E-01, -0.12500000000000E-03, -0.12500000000000E-03,  0.18500000000000E+03,  0.35748855230109E-05,  0.31201778167416E+05
  0.12750000000000E-03,  0.13863636363636E+01,  0.00000000000000E+00, -0.58271223031124E-01, -0.12750000000000E-03, -0.12750000000000E-03,  0.18500000000000E+03,  0.35730884343713E-05,  0.31446623890270E+05
  0.13000000000000E-03,  0.13939393939394E+01,  0.00000000000000E+00, -0.59603891917964E-01, -0.13000000000000E-03, -0.13000000000000E-03,  0.18500000000000E+03,  0.35712913457318E-05,  0.31691469613123E+05
  0.13250000000000E-03,  0.14015151515152E+01,  0.00000000000000E+00, -0.60936560804805E-01, -0.13250000000000E-03, -0.13250000000000E-03,  0.18500000000000E+03,  0.35694942570923E-05,  0.31936315335977E+05
  0.13500000000000E-03,  0.14090909090909E+01,  0.00000000000000E+00, -0.62269229691645E-01, -0.13500000000000E-03, -0.13500000000000E-03,  0.18500000000000E+03,  0.35676971684528E-05,  0.32181161058830E+05
  0.13750000000000E-03,  0.14166666666667E+01,  0.00000000000000E+00, -0.63601898578485E-01, -0.13750000000000E-03, -0.13750000000000E-03,  0.18500000000000E+03,  0.35659000798133E-05,  0.32426006781684E+05
  0.14000000000000E-03,  0.14242424242424E+01,  0.00000000000000E+00, -0.64934567465326E-01, -0.14000000000000E-03, -0.14000000000000E-03,  0.18500000000000E+03,  0.35641029911738E-05,  0.32670852504538E+05
  0.14250000000000E-03,  0.14318181818182E+01,  0.00000000000000E+00, -0.66309293205938E-01, -0.14250000000000E-03, -0.14250000000000E-03,  0.24500000000000E+03,  0.43525251536848E-05,  0.32889859996449E+05
  0.14500000000000E-03,  0.14393939393939E+01,  0.00000000000000E+00, -0.67728232562056E-01, -0.14500000000000E-03, -0.14500000000000E-03,  0.24700000000000E+03,  0.43882858261132E-05,  0.33081704219934E+05
  0.14750000000000E-03,  0.14469696969697E+01,  0.00000000000000E+00, -0.69147171918172E-01, -0.14750000000000E-03, -0.14750000000000E-03,  0.24700000000000E+03,  0.43860154070079E-05,  0.33273548443419E+05
  0.15000000000000E-03,  0.14545454545455E+01,  0.00000000000000E+00, -0.70566111274289E-01, -0.15000000000000E-03, -0.15000000000000E-03,  0.24700000000000E+03,  0.43837449879027E-05,  0.33465392666903E+05
  0.15250000000000E-03,  0.14621212121212E+01,  0.00000000000000E+00, -0.71985050630406E-01, -0.15250000000000E-03, -0.15250000000000E-03,  0.24700000000000E+03,  0.43814745687974E-05,  0.33657236890388E+05
  0.15500000000000E-03,  0.14696969696970E+01,  0.00000000000000E+00, -0.73403989986523E-01, -0.15500000000000E-03, -0.15500000000000E-03,  0.24700000000000E+03,  0.43792041496922E-05,  0.33849081113873E+05
  0.15750000000000E-03,  0.14772727272727E+01,  0.00000000000000E+00, -0.74822929342640E-01, -0.15750000000000E-03, -0.15750000000000E-03,  0.24700000000000E+03,  0.43769337305869E-05,  0.34040925337358E+05
  0.16000000000000E-03,  0.14848484848485E+01,  0.00000000000000E+00, -0.76241868698757E-01, -0.16000000000000E-03, -0.16000000000000E-03,  0.24700000000000E+03,  0.43746633114817E-05,  0.34232769560843E+05
  0.16250000000000E-03,  0.14924242424242E+01,  0.00000000000000E+00, -0.77660808054874E-01, -0.16250000000000E-03, -0.16250000000000E-03,  0.24700000000000E+03,  0.43723928923764E-05,  0.34424613784328E+05
  0.16500000000000E-03,  0.15000000000000E+01,  0.00000000000000E+00, -0.79079747410991E-01, -0.16500000000000E-03, -0.16500000000000E-03,  0.24700000000000E+03,  0.43701224732712E-05,  0.34616458007812E+05
  0.16750000000000E-03,  0.15075757575758E+01,  0.00000000000000E+00, -0.80498686767107E-01, -0.16750000000000E-03, -0.16750000000000E-03,  0.24700000000000E+03,  0.43678520541659E-05,  0.34808302231297E+05
  0.17000000000000E-03,  0.15151515151515E+01,  0.00000000000000E+00, -0.81917626123224E-01, -0.17000000000000E-03, -0.17000000000000E-03,  0.24700000000000E+03,  0.43655816350607E-05,  0.35000146454782E+05
  0.17250000000000E-03,  0.15227272727273E+01,  0.00000000000000E+00, -0.83336565479341E-01, -0.17250000000000E-03, -0.17250000000000E-03,  0.24700000000000E+03,  0.43633112159554E-05,  0.35191990678267E+05
  0.17500000000000E-03,  0.15303030303030E+01,  0.00000000000000E+00, -0.84778825902016E-01, -0.17500000000000E-03, -0.17500000000000E-03,  0.28000000000000E+03,  0.47850237680776E-05,  0.35361902335119E+05
  0.17750000000000E-03,  0.15378787878788E+01,  0.00000000000000E+00, -0.86278882011375E-01, -0.17750000000000E-03, -0.17750000000000E-03,  0.28100000000000E+03,  0.48031563324249E-05,  0.35477459370314E+05
  0.18000000000000E-03,  0.15454545454545E+01,  0.00000000000000E+00, -0.87778938120735E-01, -0.18000000000000E-03, -0.18000000000000E-03,  0.28100000000000E+03,  0.48006318566786E-05,  0.35593016405510E+05
  0.18250000000000E-03,  0.15530303030303E+01,  0.00000000000000E+00, -0.89278994230095E-01, -0.18250000000000E-03, -0.18250000000000E-03,  0.28100000000000E+03,  0.47981073809323E-05,  0.35708573440706E+05
  0.18500000000000E-03,  0.15606060606061E+01,  0.00000000000000E+00, -0.90779050339455E-01, -0.18500000000000E-03, -0.18500000000000E-03,  0.28100000000000E+03,  0.47955829051860E-05,  0.35824130475902E+05
  0.18750000000000E-03,  0.15681818181818E+01,  0.00000000000000E+00, -0.92279106448815E-01, -0.18750000000000E-03, -0.18750000000000E-03,  0.28100000000000E+03,  0.47930584294397E-05,  0.35939687511097E+05
  0.19000000000000E-03,  0.15757575757576E+01,  0.00000000000000E+00, -0.93779162558175E-01, -0.19000000000000E-03, -0.19000000000000E-03,  0.28100000000000E+03,  0.47905339536934E-05,  0.36055244546293E+05
  0.19250000000000E-03,  0.15833333333333E+01,  0.00000000000000E+00, -0.95279218667535E-01, -0.19250000000000E-03, -0.19250000000000E-03,  0.28100000000000E+03,  0.47880094779471E-05,  0.36170801581489E+05
  0.19500000000000E-03,  0.15909090909091E+01,  0.00000000000000E+00, -0.96779274776894E-01, -0.19500000000000E-03, -0.19500000000000E-03,  0.28100000000000E+03,  0.47854850022009E-05,  0.36286358616684E+05
  0.19750000000000E-03,  0.15984848484848E+01,  0.00000000000000E+00, -0.98279330886254E-01, -0.19750000000000E-03, -0.19750000000000E-03,  0.28100000000000E+03,  0.47829605264546E-05,  0.36401915651880E+05
  0.20000000000000E-03,  0.16060606060606E+01,  0.00000000000000E+00, -0.99779386995614E-01, -0.20000000000000E-03, -0.20000000000000E-03,  0.28100000000000E+03,  0.47804360507083E-05,  0.36517472687076E+05
  0.20250000000000E-03,  0.16136363636364E+01,  0.00000000000000E+00, -0.10127944310497E+00, -0.20250000000000E-03, -0.20250000000000E-03,  0.28100000000000E+03,  0.47779115749620E-05,  0.36633029722272E+05
  0.20500000000000E-03,  0.16212121212121E+01,  0.00000000000000E+00, -0.10277949921433E+00, -0.20500000000000E-03, -0.20500000000000E-03,  0.28100000000000E+03,  0.47753870992157E-05,  0.36748586757467E+05
  0.20750000000000E-03,  0.16287878787879E+01,  0.00000000000000E+00, -0.10428575372745E+00, -0.20750000000000E-03, -0.20750000000000E-03,  0.34300000000000E+03,  0.57849236693866E-05,  0.36864333886965E+05
  0.21000000000000E-03,  0.16363636363636E+01,  0.00000000000000E+00, -0.10585664873687E+00, -0.21000000000000E-03, -0.21000000000000E-03,  0.34300000000000E+03,  0.57818724613798E-05,  0.36982063428474E+05
  0.21250000000000E-03,  0.16439393939394E+01,  0.00000000000000E+00, -0.10742754374628E+00, -0.21250000000000E-03, -0.21250000000000E-03,  0.34300000000000E+03,  0.57788212533730E-05,  0.37099792969983E+05
  0.21500000000000E-03,  0.16515151515152E+01,  0.00000000000000E+00, -0.10899843875570E+00, -0.21500000000000E-03, -0.21500000000000E-03,  0.34300000000000E+03,  0.57757700453662E-05,  0.37217522511492E+05
  0.21750000000000E-03,  0.16590909090909E+01,  0.00000000000000E+00, -0.11056933376512E+00, -0.21750000000000E-03, -0.21750000000000E-03,  0.34300000000000E+03,  0.57727188373594E-05,  0.37335252053001E+05
  0.22000000000000E-03,  0.16666666666667E+01,  0.00000000000000E+00, -0.11214022877453E+00, -0.22000000000000E-03, -0.22000000000000E-03,  0.34300000000000E+03,  0.57696676293526E-05,  0.37452981594510E+05
  0.22250000000000E-03,  0.16742424242424E+01,  0.00000000000000E+00, -0.11371112378395E+00, -0.22250000000000E-03, -0.22250000000000E-03,  0.34300000000000E+03,  0.57666164213458E-05,  0.37570711136018E+05
  0.22500000000000E-03,  0.16818181818182E+01,  0.00000000000000E+00, -0.11528201879337E+00, -0.22500000000000E-03, -0.22500000000000E-03,  0.34300000000000E+03,  0.57635652133391E-05,  0.37688440677527E+05
  0.22750000000000E-03,  0.16893939393939E+01,  0.00000000000000E+00, -0.11685291380279E+00, -0.22750000000000E-03, -0.22750000000000E-03,  0.34300000000000E+03,  0.57605140053323E-05,  0.37806170219036E+05
  0.23000000000000E-03,  0.16969696969697E+01,  0.00000000000000E+00, -0.11842380881220E+00, -0.23000000000000E-03, -0.23000000000000E-03,  0.34300000000000E+03,  0.57574627973255E-05,  0.37923899760545E+05
  0.23250000000000E-03,  0.17045454545455E+01,  0.00000000000000E+00, -0.11999470382162E+00, -0.23250000000000E-03, -0.23250000000000E-03,  0.34300000000000E+03,  0.57544115893187E-05,  0.38041629302054E+05
  0.23500000000000E-03,  0.17121212121212E+01,  0.00000000000000E+00, -0.12156559883104E+00, -0.23500000000000E-03, -0.23500000000000E-03,  0.34300000000000E+03,  0.57513603813119E-05,  0.38159358843563E+05
  0.23750000000000E-03,  0.17196969696970E+01,  0.00000000000000E+00, -0.12313649384045E+00, -0.23750000000000E-03, -0.23750000000000E-03,  0.34300000000000E+03,  0.57483091733051E-05,  0.38277088385071E+05
  0.24000000000000E-03,  0.17272727272727E+01,  0.00000000000000E+00, -0.12470738884987E+00, -0.24000000000000E-03, -0.24000000000000E-03,  0.34300000000000E+03,  0.57452579652983E-05,  0.38394817926580E+05
  0.24250000000000E-03,  0.17348484848485E+01,  0.00000000000000E+00, -0.12634124405143E+00, -0.24250000000000E-03, -0.24250000000000E-03,  0.37200000000000E+03,  0.61563126867364E-05,  0.38473312869910E+05
  0.24500000000000E-03,  0.17424242424242E+01,  0.00000000000000E+00, -0.12798308012241E+00, -0.24500000000000E-03, -0.24500000000000E-03,  0.37200000000000E+03,  0.61529920272987E-05,  0.38546834413471E+05
  0.24750000000000E-03,  0.17500000000000E+01,  0.00000000000000E+00, -0.12962491619340E+00, -0.24750000000000E-03, -0.24750000000000E-03,  0.37200000000000E+03,  0.61496713678610E-05,  0.38620355957031E+05
  0.25000000000000E-03,  0.17575757575758E+01,  0.00000000000000E+00, -0.13126675226438E+00, -0.25000000000000E-03, -0.25000000000000E-03,  0.37200000000000E+03,  0.61463507084234E-05,  0.38693877500592E+05
  0.25250000000000E-03,  0.17651515151515E+01,  0.00000000000000E+00, -0.13290858833536E+00, -0.25250000000000E-03, -0.25250000000000E-03,  0.37200000000000E+03,  0.61430300489857E-05,  0.38767399044152E+05
  0.25500000000000E-03,  0.17727272727273E+01,  0.00000000000000E+00, -0.13455042440635E+00, -0.25500000000000E-03, -0.25500000000000E-03,  0.37200000000000E+03,  0.61397093895481E-05,  0.38840920587713E+05
  0.25750000000000E-03,  0.17803030303030E+01,  0.00000000000000E+00, -0.13619226047733E+00, -0.25750000000000E-03, -0.25750000000000E-03,  0.37200000000000E+03,  0.61363887301104E-05,  0.38914442131274E+05
  0.26000000000000E-03,  0.17878787878788E+01,  0.00000000000000E+00, -0.13783409654831E+00, -0.26000000000000E-03, -0.26000000000000E-03,  0.37200000000000E+03,  0.61330680706728E-05,  0.38987963674834E+05
  0.26250000000000E-03,  0.17954545454545E+01,  0.00000000000000E+00, -0.13947593261930E+00, -0.26250000000000E-03, -0.26250000000000E-03,  0.37200000000000E+03,  0.61297474112351E-05,  0.39061485218395E+05
  0.26500000000000E-03,  0.18030303030303E+01,  0.00000000000000E+00, -0.14111776869028E+00, -0.26500000000000E-03, -0.26500000000000E-03,  0.37200000000000E+03,  0.61264267517974E-05,  0.39135006761955E+05
  0.26750000000000E-03,  0.18106060606061E+01,  0.00000000000000E+00, -0.14275960476127E+00, -0.26750000000000E-03, -0.26750000000000E-03,  0.37200000000000E+03,  0.61231060923598E-05,  0.39208528305516E+05
  0.27000000000000E-03,  0.18181818181818E+01,  0.00000000000000E+00, -0.14440144083225E+00, -0.27000000000000E-03, -0.27000000000000E-03,  0.37200000000000E+03,  0.61197854329221E-05,  0.39282049849077E+05
  0.27250000000000E-03,  0.18257575757576E+01,  0.00000000000000E+00, -0.14604327690323E+00, -0.27250000000000E-03, -0.27250000000000E-03,  0.37200000000000E+03,  0.61164647734845E-05,  0.39355571392637E+05
  0.27500000000000E-03,  0.18333333333333E+01,  0.00000000000000E+00, -0.14773876589134E+00, -0.27500000000000E-03, -0.27500000000000E-03,  0.42400000000000E+03,  0.69804517407179E-05,  0.39439175944010E+05
  0.27750000000000E-03,  0.18409090909091E+01,  0.00000000000000E+00, -0.14945864256906E+00, -0.27750000000000E-03, -0.27750000000000E-03,  0.42400000000000E+03,  0.69766760601417E-05,  0.39527363680753E+05
  0.28000000000000E-03,  0.18484848484848E+01,  0.00000000000000E+00, -0.15117851924678E+00, -0.28000000000000E-03, -0.28000000000000E-03,  0.42400000000000E+03,  0.69729003795654E-05,  0.39615551417495E+05
  0.28250000000000E-03,  0.18560606060606E+01,  0.00000000000000E+00, -0.15289839592449E+00, -0.28250000000000E-03, -0.28250000000000E-03,  0.42400000000000E+03,  0.69691246989891E-05,  0.39703739154238E+05
  0.28500000000000E-03,  0.18636363636364E+01,  0.00000000000000E+00, -0.15461827260221E+00, -0.28500000000000E-03, -0.28500000000000E-03,  0.42400000000000E+03,  0.69653490184128E-05,  0.39791926890980E+05
  0.28750000000000E-03,  0.18712121212121E+01,  0.00000000000000E+00, -0.15633814927992E+00, -0.28750000000000E-03, -0.28750000000000E-03,  0.42400000000000E+03,  0.69615733378366E-05,  0.39880114627723E+05
  0.29000000000000E-03,  0.18787878787879E+01,  0.00000000000000E+00, -0.15805802595764E+00, -0.29000000000000E-03, -0.29000000000000E-03,  0.42400000000000E+03,  0.69577976572603E-05,  0.39968302364465E+05
  0.29250000000000E-03,  0.18863636363636E+01,  0.00000000000000E+00, -0.15977790263535E+00, -0.29250000000000E-03, -0.29250000000000E-03,  0.42400000000000E+03,  0.69540219766840E-05,  0.40056490101207E+05
  0.29500000000000E-03,  0.18939393939394E+01,  0.00000000000000E+00, -0.16149777931307E+00, -0.29500000000000E-03, -0.29500000000000E-03,  0.42400000000000E+03,  0.69502462961078E-05,  0.40144677837950E+05
  0.29750000000000E-03,  0.19015151515152E+01,  0.00000000000000E+00, -0.16321765599078E+00, -0.29750000000000E-03, -0.29750000000000E-03,  0.42400000000000E+03,  0.69464706155315E-05,  0.40232865574692E+05
  0.30000000000000E-03,  0.19090909090909E+01,  0.00000000000000E+00, -0.16493753266850E+00, -0.30000000000000E-03, -0.30000000000000E-03,  0.42400000000000E+03,  0.69426949349552E-05,  0.40321053311435E+05
  0.30250000000000E-03,  0.19166666666667E+01,  0.00000000000000E+00, -0.16665740934621E+00, -0.30250000000000E-03, -0.30250000000000E-03,  0.42400000000000E+03,  0.69389192543789E-05,  0.40409241048177E+05
  0.30500000000000E-03,  0.19242424242424E+01,  0.00000000000000E+00, -0.16837728602393E+00, -0.30500000000000E-03, -0.30500000000000E-03,  0.42400000000000E+03,  0.69351435738027E-05,  0.40497428784920E+05
  0.30750000000000E-03,  0.19318181818182E+01,  0.00000000000000E+00, -0.17012364825413E+00, -0.30750000000000E-03, -0.30750000000000E-03,  0.46200000000000E+03,  0.75953954042159E-05,  0.40563442435565E+05
  0.31000000000000E-03,  0.19393939393939E+01,  0.00000000000000E+00, -0.17189785427026E+00, -0.31000000000000E-03, -0.31000000000000E-03,  0.46200000000000E+03,  0.75912860997103E-05,  0.40606144867493E+05
  0.31250000000000E-03,  0.19469696969697E+01,  0.00000000000000E+00, -0.17367206028640E+00, -0.31250000000000E-03, -0.31250000000000E-03,  0.46200000000000E+03,  0.75871767952048E-05,  0.40648847299421E+05
  0.31500000000000E-03,  0.19545454545455E+01,  0.00000000000000E+00, -0.17544626630254E+00, -0.31500000000000E-03, -0.31500000000000E-03,  0.46200000000000E+03,  0.75830674906993E-05,  0.40691549731349E+05
  0.31750000000000E-03,  0.19621212121212E+01,  0.00000000000000E+00, -0.17722047231868E+00, -0.31750000000000E-03, -0.31750000000000E-03,  0.46200000000000E+03,  0.75789581861938E-05,  0.40734252163277E+05
  0.32000000000000E-03,  0.19696969696970E+01,  0.00000000000000E+00, -0.17899467833482E+00, -0.32000000000000E-03, -0.32000000000000E-03,  0.46200000000000E+03,  0.75748488816883E-05,  0.40776954595205E+05
  0.32250000000000E-03,  0.19772727272727E+01,  0.00000000000000E+00, -0.18076888435096E+00, -0.32250000000000E-03, -0.32250000000000E-03,  0.46200000000000E+03,  0.75707395771828E-05,  0.40819657027133E+05
  0.32500000000000E-03,  0.19848484848485E+01,  0.00000000000000E+00, -0.18254309036710E+00, -0.32500000000000E-03, -0.32500000000000E-03,  0.46200000000000E+03,  0.75666302726772E-05,  0.40862359459061E+05
  0.32750000000000E-03,  0.19924242424242E+01,  0.00000000000000E+00, -0.18431729638324E+00, -0.32750000000000E-03, -0.32750000000000E-03,  0.46200000000000E+03,  0.75625209681717E-05,  0.40905061890989E+05
  0.33000000000000E-03,  0.20000000000000E+01,  0.20000000000000E+01, -0.18609150239937E+00, -0.33000000000000E-03, -0.33000000000000E-03,  0.46200000000000E+03,  0.75584116636662E-05,  0.40947764322917E+05
