case,eyelid_thickness_mm,annulus_inner_probe_radius,annulus_outer_probe_radius,sigma_factor,baseline_pa,noise_pa,threshold_pa,inner_pressure_support_area_mm2,inner_pressure_participation_area_mm2,outer_contact_area_mm2,ae_over_ac_pressure,incremental_force_n,centroid_x_mm,centroid_z_mm,selected_faces,status
eyelid_0p80mm_indent_0p28mm,0.8,1.1,1.5,2.0,333.71970621749995,307.9325089599795,615.865017919959,8.157819471499295,5.973761289244954,6.0284287073387,1.0091512558749491,0.05070399222449667,-0.02496847704534914,-1.2627322263668524e-05,469,candidate_not_approved
eyelid_0p80mm_indent_0p28mm,0.8,1.1,1.5,3.0,333.71970621749995,307.9325089599795,923.7975268799385,7.804064633631924,5.9101631087137205,6.0284287073387,1.0200105473316994,0.05041985431316933,-0.02716056570227321,0.001483508980204103,450,candidate_not_approved
eyelid_0p80mm_indent_0p28mm,0.8,1.1,1.5,4.0,333.71970621749995,307.9325089599795,1231.730035839918,7.387198493802316,5.8162836581929,6.0284287073387,1.0364743299352277,0.049992126592195645,-0.026088328683614808,0.00024233792271249004,429,candidate_not_approved
eyelid_0p80mm_indent_0p28mm,0.8,1.2,1.6,2.0,497.0931396484,242.8474186524179,485.6948373048358,8.139889616565199,5.8855434194637635,6.0284287073387,1.0242773313679767,0.0493627272354316,-0.025985034813143962,3.203488664089066e-05,468,candidate_not_approved
eyelid_0p80mm_indent_0p28mm,0.8,1.2,1.6,3.0,497.0931396484,242.8474186524179,728.5422559572537,7.875176589955402,5.847920006339768,6.0284287073387,1.030867163162841,0.04919860364296855,-0.027191683515454736,0.0002649794893814192,454,candidate_not_approved
eyelid_0p80mm_indent_0p28mm,0.8,1.2,1.6,4.0,497.0931396484,242.8474186524179,971.3896746096716,7.41327682973747,5.761088256978761,6.0284287073387,1.046404505266187,0.048812843487894275,-0.025863326844573428,0.0006952085080588725,430,candidate_not_approved
eyelid_0p80mm_indent_0p28mm,0.8,1.3,1.7,2.0,656.0216267903498,190.22688244627085,380.4537648925417,8.121958953388742,5.796472184935103,6.0284287073387,1.040016843866938,0.048062804141380054,-0.026867594950019877,2.891419198990493e-05,467,candidate_not_approved
eyelid_0p80mm_indent_0p28mm,0.8,1.3,1.7,3.0,656.0216267903498,190.22688244627085,570.6806473388126,7.875176589955402,5.76937129864059,6.0284287073387,1.0449021904274303,0.0479470137415512,-0.02756509714193544,0.00021515823183331824,454,candidate_not_approved
eyelid_0p80mm_indent_0p28mm,0.8,1.3,1.7,4.0,656.0216267903498,190.22688244627085,760.9075297850834,7.474178625344052,5.70859533701614,6.0284287073387,1.0560266320242864,0.04768336132527045,-0.026932321576357166,0.0003845336976366514,433,candidate_not_approved
eyelid_1p00mm_indent_0p28mm,1.0,1.1,1.5,2.0,320.1047363281,345.70514641111424,691.4102928222285,8.26082117599825,6.006778599319257,6.3673522472385,1.0600277905964617,0.047166346216789445,-0.026157967258238893,-0.000560015529482818,472,candidate_not_approved
eyelid_1p00mm_indent_0p28mm,1.0,1.1,1.5,3.0,320.1047363281,345.70514641111424,1037.1154392333428,7.780905249443752,5.903940136897233,6.3673522472385,1.0784920069641508,0.046736243752155585,-0.02722447452880129,0.00015766416100024524,447,candidate_not_approved
eyelid_1p00mm_indent_0p28mm,1.0,1.1,1.5,4.0,320.1047363281,345.70514641111424,1382.820585644457,7.261414026071834,5.760207571940855,6.3673522472385,1.1054032632877973,0.04611736317748984,-0.02950641094426891,-0.0010552558102951686,420,candidate_not_approved
eyelid_1p00mm_indent_0p28mm,1.0,1.2,1.6,2.0,518.6278889973999,286.1691281982607,572.3382563965214,8.224820988278486,5.884123287016157,6.3673522472385,1.0821242072355335,0.045507136904094345,-0.02776764949298632,-0.0004393084047499071,470,candidate_not_approved
eyelid_1p00mm_indent_0p28mm,1.0,1.2,1.6,3.0,518.6278889973999,286.1691281982607,858.507384594782,7.713209121629209,5.7924891333435555,6.3673522472385,1.099242847187375,0.04513362551752276,-0.027381839675614448,-0.0001233856530050142,444,candidate_not_approved
eyelid_1p00mm_indent_0p28mm,1.0,1.2,1.6,4.0,518.6278889973999,286.1691281982607,1144.6765127930428,7.336549565639675,5.703674461265562,6.3673522472385,1.1163596889128342,0.04476277283418261,-0.029875662355185496,-0.0011175085968399342,425,candidate_not_approved
eyelid_1p00mm_indent_0p28mm,1.0,1.3,1.7,2.0,695.4187215169499,224.64321899402952,449.28643798805905,8.112764926071497,5.761763537331149,6.3673522472385,1.1051047489164856,0.04400557868357999,-0.028054886887851224,6.523179892936623e-05,464,candidate_not_approved
eyelid_1p00mm_indent_0p28mm,1.0,1.3,1.7,3.0,695.4187215169499,224.64321899402952,673.9296569820885,7.780905249443752,5.714080923187989,6.3673522472385,1.1143265789953214,0.043815961194610065,-0.02855504984072823,8.239627564375087e-05,447,candidate_not_approved
eyelid_1p00mm_indent_0p28mm,1.0,1.3,1.7,4.0,695.4187215169499,224.64321899402952,898.5728759761181,7.45723123563025,5.655328413641747,6.3673522472385,1.1259031804199404,0.04357876511973655,-0.02982188043749002,0.0002951386743817707,431,candidate_not_approved
eyelid_1p20mm_indent_0p28mm,1.2,1.1,1.5,2.0,295.9712320963001,370.4859704834418,740.9719409668836,8.400407858211167,6.1287187261767855,6.8929766579018,1.1247010942859461,0.04363626571225635,-0.02576405560195191,-0.0008829165521712525,476,candidate_not_approved
eyelid_1p20mm_indent_0p28mm,1.2,1.1,1.5,3.0,295.9712320963001,370.4859704834418,1111.4579114503254,7.838644125790498,5.987902869040237,6.8929766579018,1.1511503791320903,0.04309550979478048,-0.025778704395648232,-0.00013890595225766312,448,candidate_not_approved
eyelid_1p20mm_indent_0p28mm,1.2,1.1,1.5,4.0,295.9712320963001,370.4859704834418,1481.9438819337672,7.130111390196704,5.759438296373293,6.8929766579018,1.1968140473424802,0.04218472449667249,-0.029675928185654118,-0.0010301118697853267,411,candidate_not_approved
eyelid_1p20mm_indent_0p28mm,1.2,1.2,1.6,2.0,506.8723754882501,321.2360930419367,642.4721860838735,8.269604321320402,5.967101276651932,6.8929766579018,1.155163342856712,0.04178545089953313,-0.02671030676982353,-0.0006181532820877537,471,candidate_not_approved
eyelid_1p20mm_indent_0p28mm,1.2,1.2,1.6,3.0,506.8723754882501,321.2360930419367,963.7082791258101,7.5735738356286255,5.809593286604638,6.8929766579018,1.1864817927608036,0.04119456120690509,-0.02798525593873585,0.0003028903655543394,435,candidate_not_approved
eyelid_1p20mm_indent_0p28mm,1.2,1.2,1.6,4.0,506.8723754882501,321.2360930419367,1284.944372167747,7.130111390196704,5.677262508133291,6.8929766579018,1.214137385408349,0.04068097585196804,-0.030104232652923616,-0.0009297719202013204,411,candidate_not_approved
eyelid_1p20mm_indent_0p28mm,1.2,1.3,1.7,2.0,701.4519042967997,272.58303207989235,545.1660641597847,8.1361770289945,5.814861133781788,6.8929766579018,1.1854069253445512,0.04010645949284527,-0.027710498278860532,-0.00011863258145651497,465,candidate_not_approved
eyelid_1p20mm_indent_0p28mm,1.2,1.3,1.7,3.0,701.4519042967997,272.58303207989235,817.7490962396771,7.5340379446231545,5.7006935492996895,6.8929766579018,1.2091470271627875,0.03968991180809338,-0.028036048790404642,0.0005017431558023041,433,candidate_not_approved
eyelid_1p20mm_indent_0p28mm,1.2,1.3,1.7,4.0,701.4519042967997,272.58303207989235,1090.3321283195694,7.130111390196704,5.5953308707822105,6.8929766579018,1.2319158271579,0.03929360213731104,-0.030528465401706666,-0.0008303858622035326,411,candidate_not_approved
eyelid_1p25mm_indent_0p28mm,1.25,1.1,1.5,2.0,293.2249755859,370.72287519526316,741.4457503905263,8.409434993694724,6.158525896750906,7.0039378061715,1.1372750433454561,0.04261858300837389,-0.026749589220942154,-0.0012906820082029364,476,candidate_not_approved
eyelid_1p25mm_indent_0p28mm,1.25,1.1,1.5,3.0,293.2249755859,370.72287519526316,1112.1686255857894,7.9240582122608245,6.037508443395343,7.0039378061715,1.1600708921299099,0.04216740695180795,-0.028528602184123213,-0.00023214894604392164,453,candidate_not_approved
eyelid_1p25mm_indent_0p28mm,1.25,1.1,1.5,4.0,293.2249755859,370.72287519526316,1482.8915007810526,7.172131327060066,5.791760743917857,7.0039378061715,1.209293359282252,0.04121485181024156,-0.029489550064270918,-0.00047327198085211143,413,candidate_not_approved
eyelid_1p25mm_indent_0p28mm,1.25,1.2,1.6,2.0,498.35156249994986,310.202287756264,620.404575512528,8.335957634386652,6.00812727038322,7.0039378061715,1.1657439150294104,0.04085248466348798,-0.028170026421446667,-0.0005540678079244311,473,candidate_not_approved
eyelid_1p25mm_indent_0p28mm,1.25,1.2,1.6,3.0,498.35156249994986,310.202287756264,930.606863268792,7.842682793857129,5.901715937537801,7.0039378061715,1.1867629483186455,0.04046678166231466,-0.028710643139401214,0.0001740332222343696,449,candidate_not_approved
eyelid_1p25mm_indent_0p28mm,1.25,1.2,1.6,4.0,498.35156249994986,310.202287756264,1240.809151025056,7.25548675006848,5.73646426679309,7.0039378061715,1.2209503067447813,0.03984904693110873,-0.02700288585114272,-0.0009304623548887027,417,candidate_not_approved
eyelid_1p25mm_indent_0p28mm,1.25,1.3,1.7,2.0,704.1287027994001,282.2038247312784,564.4076494625568,8.18414391545729,5.841645954369446,7.0039378061715,1.1989665003461363,0.03906847061073545,-0.028306796849900947,5.750940336110762e-05,467,candidate_not_approved
eyelid_1p25mm_indent_0p28mm,1.25,1.3,1.7,3.0,704.1287027994001,282.2038247312784,846.6114741938352,7.51255659015015,5.7096067076108294,7.0039378061715,1.2266935648711748,0.0385999204473624,-0.029141986653110116,0.0006405056716130761,432,candidate_not_approved
eyelid_1p25mm_indent_0p28mm,1.25,1.3,1.7,4.0,704.1287027994001,282.2038247312784,1128.8152989251137,7.139687061119553,5.609340140231025,7.0039378061715,1.2486206275740372,0.03823285769239545,-0.029567030052749143,-0.00034437842580286535,411,candidate_not_approved
eyelid_1p40mm_indent_0p28mm,1.4,1.1,1.5,2.0,260.69759114580006,371.22346987288626,742.4469397457725,8.525224595601344,6.318670917444868,7.3414286072548,1.16186278778758,0.03977228086665711,-0.027465465590478983,-0.0015403156405516783,481,candidate_not_approved
eyelid_1p40mm_indent_0p28mm,1.4,1.1,1.5,3.0,260.69759114580006,371.22346987288626,1113.6704096186588,8.00010689161468,6.170190151620649,7.3414286072548,1.1898221005922347,0.039263035787043134,-0.0287625903057724,0.0008440048335513076,458,candidate_not_approved
eyelid_1p40mm_indent_0p28mm,1.4,1.1,1.5,4.0,260.69759114580006,371.22346987288626,1484.893879491545,7.226823385053652,5.890999383121714,7.3414286072548,1.2462110636590298,0.03826456772467994,-0.02939805778465798,-0.00017255133093851981,416,candidate_not_approved
eyelid_1p40mm_indent_0p28mm,1.4,1.2,1.6,2.0,472.50565592449993,332.79948020012745,665.5989604002549,8.396961280965344,6.138401675268291,7.3414286072548,1.1959837422880815,0.037885589958978234,-0.027109667047156928,-0.0011866328673845914,475,candidate_not_approved
eyelid_1p40mm_indent_0p28mm,1.4,1.2,1.6,3.0,472.50565592449993,332.79948020012745,998.3984406003824,7.720445964309878,5.96258299901273,7.3414286072548,1.231249713164643,0.037297713956815394,-0.028037372319786657,-0.000613599077482267,441,candidate_not_approved
eyelid_1p40mm_indent_0p28mm,1.4,1.2,1.6,4.0,472.50565592449993,332.79948020012745,1331.1979208005098,7.127584622068641,5.763291706629984,7.3414286072548,1.2738256158037875,0.03660489450597177,-0.030248199289570524,-0.00024589393073708995,410,candidate_not_approved
eyelid_1p40mm_indent_0p28mm,1.4,1.3,1.7,2.0,699.3122965495002,308.15547810052993,616.3109562010599,8.17047927981207,5.927064134352954,7.3414286072548,1.238628170851782,0.03586423114147328,-0.027985713082273073,-0.00014236949348407087,466,candidate_not_approved
eyelid_1p40mm_indent_0p28mm,1.4,1.3,1.7,3.0,699.3122965495002,308.15547810052993,924.4664343015897,7.439776453566085,5.757037280869196,7.3414286072548,1.2752094956290423,0.03531164362971963,-0.02969313926553763,0.0010994532687346994,428,candidate_not_approved
eyelid_1p40mm_indent_0p28mm,1.4,1.3,1.7,4.0,699.3122965495002,308.15547810052993,1232.6219124021197,6.992364996349923,5.61297598276996,7.3414286072548,1.3079387173204795,0.034823943242846725,-0.030444296433356503,3.935168544560391e-05,403,candidate_not_approved
eyelid_1p50mm_indent_0p28mm,1.5,1.1,1.5,2.0,247.58943684890028,351.10828713364737,702.2165742672947,8.613486703890057,6.4382086024603575,7.4821478999176,1.1621474795113507,0.03796875167483955,-0.027498934141988566,-0.0004211473055019445,486,candidate_not_approved
eyelid_1p50mm_indent_0p28mm,1.5,1.1,1.5,3.0,247.58943684890028,351.10828713364737,1053.3248614009422,8.310962208657454,6.356755283270072,7.4821478999176,1.1770388455269587,0.03770884407197998,-0.025698824790043824,-0.0007336887453281567,472,candidate_not_approved
eyelid_1p50mm_indent_0p28mm,1.5,1.1,1.5,4.0,247.58943684890028,351.10828713364737,1404.4331485345895,7.460056563157729,6.048510303279943,7.4821478999176,1.237023254446675,0.03668022534347448,-0.028156846167615702,0.0005798047678527975,429,candidate_not_approved
eyelid_1p50mm_indent_0p28mm,1.5,1.2,1.6,2.0,469.9464518228999,337.06038669442864,674.1207733888573,8.44619492612608,6.233144567484583,7.4821478999176,1.2003809343599194,0.03595478644549058,-0.027539463379146284,-0.0014032493648921918,477,candidate_not_approved
eyelid_1p50mm_indent_0p28mm,1.5,1.2,1.6,3.0,469.9464518228999,337.06038669442864,1011.1811600832859,7.9067610685434815,6.08679748897944,7.4821478999176,1.2292421283054902,0.03549634472995989,-0.0304283055657187,-1.2753953253621902e-05,451,candidate_not_approved
eyelid_1p50mm_indent_0p28mm,1.5,1.2,1.6,4.0,469.9464518228999,337.06038669442864,1348.2415467777146,7.132305320123316,5.813731776276036,7.4821478999176,1.2869785170430175,0.03460388845280639,-0.030713365527067323,-0.0002160252105231882,410,candidate_not_approved
eyelid_1p50mm_indent_0p28mm,1.5,1.3,1.7,2.0,683.0942382812002,314.97859924302236,629.9571984860447,8.292825015576707,6.035412471364019,7.4821478999176,1.2397077971750645,0.03407806141083654,-0.028935515277038023,-0.00034533063769740777,471,candidate_not_approved
eyelid_1p50mm_indent_0p28mm,1.5,1.3,1.7,3.0,683.0942382812002,314.97859924302236,944.9357977290671,7.501158191924866,5.8365613452534175,7.4821478999176,1.2819445316037765,0.0334709135611863,-0.03111595126013002,0.0010005996084244142,431,candidate_not_approved
eyelid_1p50mm_indent_0p28mm,1.5,1.3,1.7,4.0,683.0942382812002,314.97859924302236,1259.9143969720894,7.037816075250441,5.678295660289375,7.4821478999176,1.3176749411347664,0.03296641282666821,-0.031295789966527536,0.0017441219597115487,405,candidate_not_approved
eyelid_1p60mm_indent_0p28mm,1.6,1.1,1.5,2.0,266.02046712239985,349.32616284178425,698.6523256835685,9.005403491357814,6.662274962516607,7.7669408597991,1.16580911227735,0.036965659080319166,-0.028542659369261904,0.0006849013234460577,505,candidate_not_approved
eyelid_1p60mm_indent_0p28mm,1.6,1.1,1.5,3.0,266.02046712239985,349.32616284178425,1047.9784885253528,8.315800463343242,6.472386337160249,7.7669408597991,1.20001193612414,0.03639179127855772,-0.025464975024172873,-0.0008990507674606256,472,candidate_not_approved
eyelid_1p60mm_indent_0p28mm,1.6,1.1,1.5,4.0,266.02046712239985,349.32616284178425,1397.304651367137,7.552114682951592,6.169719707612383,7.7669408597991,1.258880666850395,0.03542350088160205,-0.03183204901511218,0.0005575814171536233,433,candidate_not_approved
eyelid_1p60mm_indent_0p28mm,1.6,1.2,1.6,2.0,467.6884765624998,342.41375751955604,684.8275150391121,8.536654813262608,6.392789690853423,7.7669408597991,1.2149532888453634,0.03488969306945183,-0.02883762653131959,-0.001709838302681914,481,candidate_not_approved
eyelid_1p60mm_indent_0p28mm,1.6,1.2,1.6,3.0,467.6884765624998,342.41375751955604,1027.2412725586682,8.109297002789624,6.267609656578201,7.7669408597991,1.2392189822554232,0.03451643307827065,-0.029641088916839368,0.00026819026635851474,463,candidate_not_approved
eyelid_1p60mm_indent_0p28mm,1.6,1.2,1.6,4.0,467.6884765624998,342.41375751955604,1369.6550300782242,7.248593981046273,5.943937442802087,7.7669408597991,1.3066996304284142,0.03350792971020829,-0.031096676161100147,-0.0014328852956162618,417,candidate_not_approved
eyelid_1p60mm_indent_0p28mm,1.6,1.3,1.7,2.0,708.1212158203,339.9939149413324,679.9878298826648,8.250935645826026,6.1345534909721655,7.7669408597991,1.2660971774440009,0.03267502366714115,-0.02789320030270213,-5.552207523875839e-05,469,candidate_not_approved
eyelid_1p60mm_indent_0p28mm,1.6,1.3,1.7,3.0,708.1212158203,339.9939149413324,1019.9817448239971,7.421894174797222,5.888771091706029,7.7669408597991,1.3189408687898156,0.03195592079450365,-0.03162494895059317,0.0012347171106032154,427,candidate_not_approved
eyelid_1p60mm_indent_0p28mm,1.6,1.3,1.7,4.0,708.1212158203,339.9939149413324,1359.9756597653295,6.931882277072534,5.6981078456867795,7.7669408597991,1.3630736851845193,0.03137049505556794,-0.03481724291442473,-0.0012411295346775142,400,candidate_not_approved
