case,eyelid_thickness_mm,annulus_inner_probe_radius,annulus_outer_probe_radius,sigma_factor,baseline_pa,noise_pa,threshold_pa,inner_pressure_support_area_mm2,inner_pressure_participation_area_mm2,outer_contact_area_mm2,outer_geometric_coverage_area_mm2,outer_conservative_area_mm2,outer_displacement_clipped_area_mm2,outer_boundary_uncertainty_area_mm2,outer_boundary_faces,ae_over_ac_contact_diagnostic,ae_over_ac_hybrid,incremental_force_n,centroid_x_mm,centroid_z_mm,selected_faces,status
eyelid_0p80mm_effective_indent_0p28mm,0.8,1.1,1.5,2.0,269.2655967173,240.85873597507336,481.7174719501467,7.14745410647114,5.119019935884497,5.0600456754659,14.65741468458854,13.110659070047902,14.657544003792523,1.5468849337446215,146,0.9884793844999146,2.5611658548429856,0.04064801372235394,-0.02498321455375488,-0.0002964154645680693,414,candidate_not_approved
eyelid_0p80mm_effective_indent_0p28mm,0.8,1.1,1.5,3.0,269.2655967173,240.85873597507336,722.57620792522,6.9048678144784486,5.0830651799220465,5.0600456754659,14.65741468458854,13.110659070047902,14.657544003792523,1.5468849337446215,146,0.9954713339999902,2.579282107543025,0.040499206499138324,-0.0270187396348257,-0.0007168806285706388,402,candidate_not_approved
eyelid_0p80mm_effective_indent_0p28mm,0.8,1.1,1.5,4.0,269.2655967173,240.85873597507336,963.4349439002934,6.486477367613027,5.000594759561068,5.0600456754659,14.65741468458854,13.110659070047902,14.657544003792523,1.5468849337446215,146,1.0118887689891614,2.62181994351382,0.04015117121563263,-0.028337169080472787,0.0009829269873318678,384,candidate_not_approved
eyelid_0p80mm_effective_indent_0p28mm,0.8,1.2,1.6,2.0,396.6335645155,191.11324088851072,382.22648177702143,7.114344986966169,5.049490368838963,5.0600456754659,14.65741468458854,13.110659070047902,14.657544003792523,1.5468849337446215,146,1.002090370682173,2.5964321371826786,0.03972525735772956,-0.025486233651121307,2.0645472955746727e-05,412,candidate_not_approved
eyelid_0p80mm_effective_indent_0p28mm,0.8,1.2,1.6,3.0,396.6335645155,191.11324088851072,573.3397226655321,6.926340074608322,5.026643828301846,5.0600456754659,14.65741468458854,13.110659070047902,14.657544003792523,1.5468849337446215,146,1.0066449599981582,2.6082331507615657,0.03963233725534452,-0.02684988303428265,-0.0006503889998979189,403,candidate_not_approved
eyelid_0p80mm_effective_indent_0p28mm,0.8,1.2,1.6,4.0,396.6335645155,191.11324088851072,764.4529635540429,6.592591210492312,4.9728229796749055,5.0600456754659,14.65741468458854,13.110659070047902,14.657544003792523,1.5468849337446215,146,1.017539875468621,2.636462050556443,0.03941021765623573,-0.028696518691626236,-0.0002928583458347965,389,candidate_not_approved
eyelid_0p80mm_effective_indent_0p28mm,0.8,1.3,1.7,2.0,524.19960754085,143.28954718022882,286.57909436045765,7.097789883635875,4.9800310898741555,5.0600456754659,14.65741468458854,13.110659070047902,14.657544003792523,1.5468849337446215,146,1.0160670855558387,2.6326460283964224,0.0388134752882549,-0.026165271558510596,-0.00020792579306200043,411,candidate_not_approved
eyelid_0p80mm_effective_indent_0p28mm,0.8,1.3,1.7,3.0,524.19960754085,143.28954718022882,429.86864154068644,6.973937568885932,4.969034913933081,5.0600456754659,14.65741468458854,13.110659070047902,14.657544003792523,1.5468849337446215,146,1.0183155810150633,2.638471916002413,0.038769596565565896,-0.02698327760580096,-0.0008456489085378886,405,candidate_not_approved
eyelid_0p80mm_effective_indent_0p28mm,0.8,1.3,1.7,4.0,524.19960754085,143.28954718022882,573.1581887209153,6.658006151254469,4.929447972272883,5.0600456754659,14.65741468458854,13.110659070047902,14.657544003792523,1.5468849337446215,146,1.0264933728741232,2.659660705172795,0.03860965249578901,-0.027521127838806093,5.575860671580344e-05,392,candidate_not_approved
eyelid_1p00mm_effective_indent_0p28mm,1.0,1.1,1.5,2.0,253.16674217065008,275.42907119426064,550.8581423885213,7.2677209700006395,5.176972583547636,5.4313697108825,14.65741468458854,13.102679647650627,14.657624581582764,1.5549449339321377,148,1.0491401341670874,2.5309540346593304,0.03740869109905028,-0.02702086255288782,-0.00020456274617586335,420,candidate_not_approved
eyelid_1p00mm_effective_indent_0p28mm,1.0,1.1,1.5,3.0,253.16674217065008,275.42907119426064,826.287213582782,6.873301060563935,5.10838206004783,5.4313697108825,14.65741468458854,13.102679647650627,14.657624581582764,1.5549449339321377,148,1.0632269957567828,2.5649372920098203,0.037148076510650226,-0.029770502966518116,-0.0014788715316635646,400,candidate_not_approved
eyelid_1p00mm_effective_indent_0p28mm,1.0,1.1,1.5,4.0,253.16674217065008,275.42907119426064,1101.7162847770426,6.440210504924329,5.001531688548278,5.4313697108825,14.65741468458854,13.102679647650627,14.657624581582764,1.5549449339321377,148,1.0859412774127568,2.619733406398501,0.0367298933078181,-0.029847847628221787,-0.0006823509960630895,380,candidate_not_approved
eyelid_1p00mm_effective_indent_0p28mm,1.0,1.2,1.6,2.0,411.71435779995,226.9238553918411,453.8477107836822,7.149407643026716,5.069139086610535,5.4313697108825,14.65741468458854,13.102679647650627,14.657624581582764,1.5549449339321377,148,1.0714580164566305,2.5847938720520878,0.03620707326489271,-0.027226677255228548,-0.00048710018143158527,413,candidate_not_approved
eyelid_1p00mm_effective_indent_0p28mm,1.0,1.2,1.6,3.0,411.71435779995,226.9238553918411,680.7715661755233,6.873301060563935,5.029147128411317,5.4313697108825,14.65741468458854,13.102679647650627,14.657624581582764,1.5549449339321377,148,1.079978289002303,2.60534824555624,0.03605833101599544,-0.02991466660008677,-0.0012782532406142098,400,candidate_not_approved
eyelid_1p00mm_effective_indent_0p28mm,1.0,1.2,1.6,4.0,411.71435779995,226.9238553918411,907.6954215673644,6.509710804803983,4.95411016794195,5.4313697108825,14.65741468458854,13.102679647650627,14.657624581582764,1.5549449339321377,148,1.0963360778750735,2.6448099060126022,0.035772713612957995,-0.030559161402316144,-0.0006024153018746731,384,candidate_not_approved
eyelid_1p00mm_effective_indent_0p28mm,1.0,1.3,1.7,2.0,552.528550042,172.85637081659038,345.71274163318077,7.110831418175868,4.981375502091433,5.4313697108825,14.65741468458854,13.102679647650627,14.657624581582764,1.5549449339321377,148,1.090335331797841,2.630333658273595,0.035187279077099516,-0.027444505368461204,-0.000499184424275533,411,candidate_not_approved
eyelid_1p00mm_effective_indent_0p28mm,1.0,1.3,1.7,3.0,552.528550042,172.85637081659038,518.5691124497712,6.873301060563935,4.954800895124151,5.4313697108825,14.65741468458854,13.102679647650627,14.657624581582764,1.5549449339321377,148,1.0961832424441764,2.644441204599063,0.035090472679115706,-0.030050213486512427,-0.0010896260255626124,400,candidate_not_approved
eyelid_1p00mm_effective_indent_0p28mm,1.0,1.3,1.7,4.0,552.528550042,172.85637081659038,691.4254832663615,6.618158381894198,4.912600183772901,5.4313697108825,14.65741468458854,13.102679647650627,14.657624581582764,1.5549449339321377,148,1.1055997857963644,2.6671577489515346,0.034933954796769445,-0.030079998454841078,-0.00048044637897800234,389,candidate_not_approved
eyelid_1p20mm_effective_indent_0p28mm,1.2,1.1,1.5,2.0,232.2347232267,296.69936166796964,593.3987233359393,7.441792958409947,5.3374907778902765,5.6786334624006,14.65741468458854,13.125754027595395,14.657441189459728,1.5316871618643333,147,1.0639144307140453,2.4591619121791806,0.03449616806407015,-0.025555506964400978,0.00014901257085578686,429,candidate_not_approved
eyelid_1p20mm_effective_indent_0p28mm,1.2,1.1,1.5,3.0,232.2347232267,296.69936166796964,890.0980850039089,6.945870981728568,5.230117209849366,5.6786334624006,14.65741468458854,13.125754027595395,14.657441189459728,1.5316871618643333,147,1.085756443795674,2.5096481591037674,0.034126008993960844,-0.028103093370989984,-0.000516306250362819,402,candidate_not_approved
eyelid_1p20mm_effective_indent_0p28mm,1.2,1.1,1.5,4.0,232.2347232267,296.69936166796964,1186.7974466718786,6.4464833225535605,5.086739341255925,5.6786334624006,14.65741468458854,13.125754027595395,14.657441189459728,1.5316871618643333,147,1.116360222420702,2.580386598766553,0.03361527453680505,-0.029144544974728584,-0.0003702341326279246,380,candidate_not_approved
eyelid_1p20mm_effective_indent_0p28mm,1.2,1.2,1.6,2.0,407.32190148714994,255.7471383955049,511.4942767910098,7.299090832139615,5.199051896842942,5.6786334624006,14.65741468458854,13.125754027595395,14.657441189459728,1.5316871618643333,147,1.0922440427741984,2.5246437789101206,0.033126115983250395,-0.026923735878260736,-0.0006417097807981215,421,candidate_not_approved
eyelid_1p20mm_effective_indent_0p28mm,1.2,1.2,1.6,3.0,407.32190148714994,255.7471383955049,767.2414151865147,6.891026790734655,5.1229875750675005,5.6786334624006,14.65741468458854,13.125754027595395,14.657441189459728,1.5316871618643333,147,1.1084612990352174,2.5621288038010612,0.03287026539875156,-0.030162942267211158,-0.0013192757148516438,400,candidate_not_approved
eyelid_1p20mm_effective_indent_0p28mm,1.2,1.2,1.6,4.0,407.32190148714994,255.7471383955049,1022.9885535820196,6.4464833225535605,5.012003563646872,5.6786334624006,14.65741468458854,13.125754027595395,14.657441189459728,1.5316871618643333,147,1.1330066689475116,2.618863666179186,0.032486577962156114,-0.02944113031497126,-0.0003111653303168021,380,candidate_not_approved
eyelid_1p20mm_effective_indent_0p28mm,1.2,1.3,1.7,2.0,565.7754565179,206.2666807334927,412.5333614669854,7.1939008473507835,5.078694041976939,5.6786334624006,14.65741468458854,13.125754027595395,14.657441189459728,1.5316871618643333,147,1.118128679433134,2.5844742603328883,0.031929179381597374,-0.026995924278033788,-0.00020952430073286458,414,candidate_not_approved
eyelid_1p20mm_effective_indent_0p28mm,1.2,1.3,1.7,3.0,565.7754565179,206.2666807334927,618.8000422004782,6.847244182133618,5.024606033610274,5.6786334624006,14.65741468458854,13.125754027595395,14.657441189459728,1.5316871618643333,147,1.1301649172921115,2.612295161012712,0.03175139102051727,-0.030363081454414947,-0.0010886658265218065,398,candidate_not_approved
eyelid_1p20mm_effective_indent_0p28mm,1.2,1.3,1.7,4.0,565.7754565179,206.2666807334927,825.0667229339708,6.4464833225535605,4.939481314097831,5.6786334624006,14.65741468458854,13.125754027595395,14.657441189459728,1.5316871618643333,147,1.1496416528984827,2.657314238669762,0.03146510976225107,-0.029727881179488602,-0.0002540551909050778,380,candidate_not_approved
eyelid_1p25mm_effective_indent_0p28mm,1.25,1.1,1.5,2.0,229.2651371864,301.89595638851125,603.7919127770225,7.49611588662552,5.39969203049634,5.7471215927545,14.65741468458854,12.943976304829622,14.657464310220341,1.7134880053907189,143,1.0643424773664776,2.397169362942318,0.03388633491055414,-0.027122112887276256,0.00046954264172692213,432,candidate_not_approved
eyelid_1p25mm_effective_indent_0p28mm,1.25,1.1,1.5,3.0,229.2651371864,301.89595638851125,905.6878691655338,7.0199947196283174,5.294559308975829,5.7471215927545,14.65741468458854,12.943976304829622,14.657464310220341,1.7134880053907189,143,1.085476856026798,2.444769347070263,0.03353395900118105,-0.026828007970098953,-0.0014049241462818316,405,candidate_not_approved
eyelid_1p25mm_effective_indent_0p28mm,1.25,1.1,1.5,4.0,229.2651371864,301.89595638851125,1207.583825554045,6.450491549599632,5.119906974308427,5.7471215927545,14.65741468458854,12.943976304829622,14.657464310220341,1.7134880053907189,143,1.1225050809699122,2.528166306493886,0.032925412839620326,-0.029109586146852984,0.001552847815589472,380,candidate_not_approved
eyelid_1p25mm_effective_indent_0p28mm,1.25,1.2,1.6,2.0,400.54260467255017,261.3007422797995,522.601484559599,7.349964036909783,5.259746546398483,5.7471215927545,14.65741468458854,12.943976304829622,14.657464310220341,1.7134880053907189,143,1.0926613178138285,2.4609505782541516,0.03253391815860168,-0.027678890018961483,-0.0006362306720379586,424,candidate_not_approved
eyelid_1p25mm_effective_indent_0p28mm,1.25,1.2,1.6,3.0,400.54260467255017,261.3007422797995,783.9022268393985,6.976325303825711,5.187853876171895,5.7471215927545,14.65741468458854,12.943976304829622,14.657464310220341,1.7134880053907189,143,1.1078032901333927,2.495054142577538,0.03229874798512408,-0.028065715933938938,-0.00038696962680287954,403,candidate_not_approved
eyelid_1p25mm_effective_indent_0p28mm,1.25,1.2,1.6,4.0,400.54260467255017,261.3007422797995,1045.202969119198,6.450491549599632,5.046367900831394,5.7471215927545,14.65741468458854,12.943976304829622,14.657464310220341,1.7134880053907189,143,1.1388629813945303,2.565008449482466,0.031820588982964096,-0.02949885798763477,0.0013908699621539267,380,candidate_not_approved
eyelid_1p25mm_effective_indent_0p28mm,1.25,1.3,1.7,2.0,567.6454530541499,214.49508245527042,428.99016491054084,7.208969702270994,5.125567418145461,5.7471215927545,14.65741468458854,12.943976304829622,14.657464310220341,1.7134880053907189,143,1.1212654373462383,2.5253743144623444,0.03125170732954953,-0.028223022166959422,8.39565858350229e-05,415,candidate_not_approved
eyelid_1p25mm_effective_indent_0p28mm,1.25,1.3,1.7,3.0,567.6454530541499,214.49508245527042,643.4852473658112,6.921439575334308,5.077589498403196,5.7471215927545,14.65741468458854,12.943976304829622,14.657464310220341,1.7134880053907189,143,1.131860225124906,2.5492364652361625,0.031098305017031896,-0.03021343601510237,-0.001107965214633843,401,candidate_not_approved
eyelid_1p25mm_effective_indent_0p28mm,1.25,1.3,1.7,4.0,567.6454530541499,214.49508245527042,857.9803298210817,6.450491549599632,4.969186929886834,5.7471215927545,14.65741468458854,12.943976304829622,14.657464310220341,1.7134880053907189,143,1.1565517002769268,2.6048479333669188,0.030742693471564577,-0.02990560645297663,0.0012216200026090155,380,candidate_not_approved
eyelid_1p40mm_effective_indent_0p28mm,1.4,1.1,1.5,2.0,206.16161232545005,317.2475978048965,634.495195609793,7.881198767225284,5.678100712735428,6.0079842837038,14.65741468458854,13.137146216170427,14.657243158807123,1.5200969426366964,143,1.058097520219829,2.3136514973581015,0.032429054143969745,-0.02627399334280212,-0.0008522986945127669,451,candidate_not_approved
eyelid_1p40mm_effective_indent_0p28mm,1.4,1.1,1.5,3.0,206.16161232545005,317.2475978048965,951.7427934146895,7.138072791518767,5.493383492374113,6.0079842837038,14.65741468458854,13.137146216170427,14.657243158807123,1.5200969426366964,143,1.0936764731688684,2.3914489557132406,0.03185886646706594,-0.027760138518294012,-0.0002824021431959523,411,candidate_not_approved
eyelid_1p40mm_effective_indent_0p28mm,1.4,1.1,1.5,4.0,206.16161232545005,317.2475978048965,1268.990391219586,6.562960919243651,5.291934107538294,6.0079842837038,14.65741468458854,13.137146216170427,14.657243158807123,1.5200969426366964,143,1.1353097301694481,2.482484843765671,0.031206202556415177,-0.03157246145169597,0.0005666428165765623,385,candidate_not_approved
eyelid_1p40mm_effective_indent_0p28mm,1.4,1.2,1.6,2.0,389.16270728309996,274.39870518889165,548.7974103777833,7.506287775330201,5.467943504249579,6.0079842837038,14.65741468458854,13.137146216170427,14.657243158807123,1.5200969426366964,143,1.0987648791606044,2.402575338600425,0.03080202433730674,-0.028312434370914887,0.0006520007775067757,432,candidate_not_approved
eyelid_1p40mm_effective_indent_0p28mm,1.4,1.2,1.6,3.0,389.16270728309996,274.39870518889165,823.196115566675,7.115986586643644,5.37921777294064,6.0079842837038,14.65741468458854,13.137146216170427,14.657243158807123,1.5200969426366964,143,1.1168880936418075,2.442203824179586,0.030534883547803225,-0.02770014437359858,-0.0005425139207258726,410,candidate_not_approved
eyelid_1p40mm_effective_indent_0p28mm,1.4,1.2,1.6,4.0,389.16270728309996,274.39870518889165,1097.5948207555666,6.516669796924845,5.193658414052279,6.0079842837038,14.65741468458854,13.137146216170427,14.657243158807123,1.5200969426366964,143,1.1567923426477629,2.52945903808879,0.029954583658701617,-0.030199898506527316,0.0010115979127180877,383,candidate_not_approved
eyelid_1p40mm_effective_indent_0p28mm,1.4,1.3,1.7,2.0,570.1240189116501,244.1179635564208,488.2359271128416,7.378052488414746,5.311621174548103,6.0079842837038,14.65741468458854,13.137146216170427,14.657243158807123,1.5200969426366964,143,1.1311018023070785,2.473283727220644,0.02938705570866261,-0.029571922726421562,0.00032324364181086815,425,candidate_not_approved
eyelid_1p40mm_effective_indent_0p28mm,1.4,1.3,1.7,3.0,570.1240189116501,244.1179635564208,732.3538906692623,6.966385605753574,5.229625311016295,6.0079842837038,14.65741468458854,13.137146216170427,14.657243158807123,1.5200969426366964,143,1.1488364703773097,2.512062611540602,0.029146540145518228,-0.02990768863035856,-0.0002592102839897453,402,candidate_not_approved
eyelid_1p40mm_effective_indent_0p28mm,1.4,1.3,1.7,4.0,570.1240189116501,244.1179635564208,976.4718542256832,6.46484458584504,5.09117691725428,6.0079842837038,14.65741468458854,13.137146216170427,14.657243158807123,1.5200969426366964,143,1.1800776876054748,2.580375113590713,0.028726870781535265,-0.029726950996807555,0.0009593765201266465,380,candidate_not_approved
eyelid_1p50mm_effective_indent_0p28mm,1.5,1.1,1.5,2.0,197.75127955710002,315.801468031218,631.602936062436,8.166641968805973,5.877335161461504,6.0534971264567,14.65741468458854,13.166005279019537,14.657082845185432,1.4910775661658953,146,1.0299731017809421,2.2401317803603997,0.031386360044706796,-0.026285223102016857,-0.0004309818795406026,466,candidate_not_approved
eyelid_1p50mm_effective_indent_0p28mm,1.5,1.1,1.5,3.0,197.75127955710002,315.801468031218,947.404404093654,7.337862788992443,5.65560524570391,6.0534971264567,14.65741468458854,13.166005279019537,14.657082845185432,1.4910775661658953,146,1.070353545459177,2.3279569041740755,0.030742038635261593,-0.028953675883684707,-0.0007147471398310341,423,candidate_not_approved
eyelid_1p50mm_effective_indent_0p28mm,1.5,1.1,1.5,4.0,197.75127955710002,315.801468031218,1263.205872124872,6.670662832096603,5.411690895028363,6.0534971264567,14.65741468458854,13.166005279019537,14.657082845185432,1.4910775661658953,146,1.1185962472501811,2.432881983543248,0.02999590223397384,-0.031374979776601024,7.860685927363723e-05,390,candidate_not_approved
eyelid_1p50mm_effective_indent_0p28mm,1.5,1.2,1.6,2.0,383.87174317485005,279.45218371674423,558.9043674334885,7.908391903924055,5.663218113726013,6.0534971264567,14.65741468458854,13.166005279019537,14.657082845185432,1.4910775661658953,146,1.0689147062488664,2.3248275123129947,0.029736903088110046,-0.02755142505915639,-0.0007212018780591243,451,candidate_not_approved
eyelid_1p50mm_effective_indent_0p28mm,1.5,1.2,1.6,3.0,383.87174317485005,279.45218371674423,838.3565511502327,7.115955187861303,5.473724645061185,6.0534971264567,14.65741468458854,13.166005279019537,14.657082845185432,1.4910775661658953,146,1.1059191901292718,2.405310119298551,0.029200523894718066,-0.030053746107589846,-0.00011450507875044555,410,candidate_not_approved
eyelid_1p50mm_effective_indent_0p28mm,1.5,1.2,1.6,4.0,383.87174317485005,279.45218371674423,1117.808734866977,6.670662832096603,5.323062227110074,6.0534971264567,14.65741468458854,13.166005279019537,14.657082845185432,1.4910775661658953,146,1.137220807907629,2.4733893231542114,0.028754355375026335,-0.03175903929874189,0.00010616104201746418,390,candidate_not_approved
eyelid_1p50mm_effective_indent_0p28mm,1.5,1.3,1.7,2.0,560.32004447345,261.318966877138,522.637933754276,7.4694686492226685,5.436514572918388,6.0534971264567,14.65741468458854,13.166005279019537,14.657082845185432,1.4910775661658953,146,1.113488623135817,2.4217731972254906,0.028155662503890785,-0.028978541768626263,0.00039039772758017293,430,candidate_not_approved
eyelid_1p50mm_effective_indent_0p28mm,1.5,1.3,1.7,3.0,560.32004447345,261.318966877138,783.956900631414,6.963222652193552,5.319261151329203,6.0534971264567,14.65741468458854,13.166005279019537,14.657082845185432,1.4910775661658953,146,1.1380334513081807,2.4751567754347894,0.027830093566572216,-0.030553308434264827,-0.0003055280444994574,402,candidate_not_approved
eyelid_1p50mm_effective_indent_0p28mm,1.5,1.3,1.7,4.0,560.32004447345,261.318966877138,1045.275867508552,6.433776090286614,5.151665000710433,6.0534971264567,14.65741468458854,13.166005279019537,14.657082845185432,1.4910775661658953,146,1.1750564381849171,2.5556796253645953,0.027346368060777098,-0.03175070210536493,0.00020979014179622245,378,candidate_not_approved
eyelid_1p60mm_effective_indent_0p28mm,1.6,1.1,1.5,2.0,211.7216474139999,313.90474867728256,627.8094973545651,8.360170380525101,6.09195564230689,6.3553254343572005,14.65741468458854,13.058885448767755,14.656893563470499,1.5980081147027434,142,1.043232388335411,2.143627796315116,0.030758525315860506,-0.026902428196988383,-0.0008788053953583808,474,candidate_not_approved
eyelid_1p60mm_effective_indent_0p28mm,1.6,1.1,1.5,3.0,211.7216474139999,313.90474867728256,941.7142460318477,7.538958062592947,5.8505114351198975,6.3553254343572005,14.65741468458854,13.058885448767755,14.656893563470499,1.5980081147027434,142,1.0862854478340076,2.2320929706037114,0.030089321029686,-0.028472198459354583,-9.935635002329056e-05,433,candidate_not_approved
eyelid_1p60mm_effective_indent_0p28mm,1.6,1.1,1.5,4.0,211.7216474139999,313.90474867728256,1255.6189947091302,6.966792094401454,5.635814298932468,6.3553254343572005,14.65741468458854,13.058885448767755,14.656893563470499,1.5980081147027434,142,1.1276676443297682,2.317124865388372,0.02946700599026272,-0.029625696951065428,-0.000684195402216825,402,candidate_not_approved
eyelid_1p60mm_effective_indent_0p28mm,1.6,1.2,1.6,2.0,387.7633134217001,285.50840437256164,571.0168087451233,8.233803501477528,5.903345591412366,6.3553254343572005,14.65741468458854,13.058885448767755,14.656893563470499,1.5980081147027434,142,1.0765633378473272,2.212116035992302,0.02922718226026945,-0.026408508653535397,-5.449563945212928e-05,469,candidate_not_approved
eyelid_1p60mm_effective_indent_0p28mm,1.6,1.2,1.6,3.0,387.7633134217001,285.50840437256164,856.5252131176849,7.391683462294985,5.685739180534934,6.3553254343572005,14.65741468458854,13.058885448767755,14.656893563470499,1.5980081147027434,142,1.1177659109152576,2.2967788416103763,0.028642840201534413,-0.030063996452596414,-0.0003055596510310846,426,candidate_not_approved
eyelid_1p60mm_effective_indent_0p28mm,1.6,1.2,1.6,4.0,387.7633134217001,285.50840437256164,1142.0336174902466,6.826558936055856,5.487627453612695,6.3553254343572005,14.65741468458854,13.058885448767755,14.656893563470499,1.5980081147027434,142,1.1581189663619147,2.3796960633999746,0.02808524343982908,-0.03311961655295145,-0.001338224764695041,396,candidate_not_approved
eyelid_1p60mm_effective_indent_0p28mm,1.6,1.3,1.7,2.0,588.8884580335499,284.4258280366509,568.8516560733018,7.538958062592947,5.576239135541896,6.3553254343572005,14.65741468458854,13.058885448767755,14.656893563470499,1.5980081147027434,142,1.1397153672713847,2.3418804558672677,0.027245876261823263,-0.03017190690813143,-4.9709284098895655e-05,433,candidate_not_approved
eyelid_1p60mm_effective_indent_0p28mm,1.6,1.3,1.7,3.0,588.8884580335499,284.4258280366509,853.2774841099526,6.988925468554234,5.430001284170047,6.3553254343572005,14.65741468458854,13.058885448767755,14.656893563470499,1.5980081147027434,142,1.1704095637849532,2.404950710939611,0.026858263259600695,-0.03142698427029719,-0.0015060594283844483,403,candidate_not_approved
eyelid_1p60mm_effective_indent_0p28mm,1.6,1.3,1.7,4.0,588.8884580335499,284.4258280366509,1137.7033121466036,6.4368796003637785,5.234743304146245,6.3553254343572005,14.65741468458854,13.058885448767755,14.656893563470499,1.5980081147027434,142,1.2140662999317242,2.494656316466234,0.026318251933902134,-0.03239103891492658,-3.824961622984814e-05,378,candidate_not_approved
