source_id,pair_id,treatment,curve_type,pressure_mmhg,apex_displacement_mm,source_file
PORCINE_DRYAD_2020,1,CXL,experimental,0,0,EYE1_target_curve_before_after_CXL.xlsx
PORCINE_DRYAD_2020,1,CXL,experimental,2.725,0.027875,EYE1_target_curve_before_after_CXL.xlsx
PORCINE_DRYAD_2020,1,CXL,experimental,5.45,0.121325,EYE1_target_curve_before_after_CXL.xlsx
PORCINE_DRYAD_2020,1,CXL,experimental,8.175,0.14705,EYE1_target_curve_before_after_CXL.xlsx
PORCINE_DRYAD_2020,1,CXL,experimental,10.9,0.16165667,EYE1_target_curve_before_after_CXL.xlsx
PORCINE_DRYAD_2020,1,CXL,experimental,13.625,0.17306217,EYE1_target_curve_before_after_CXL.xlsx
PORCINE_DRYAD_2020,1,CXL,experimental,16.35,0.18276767,EYE1_target_curve_before_after_CXL.xlsx
PORCINE_DRYAD_2020,1,CXL,experimental,19.075,0.18986217,EYE1_target_curve_before_after_CXL.xlsx
PORCINE_DRYAD_2020,1,CXL,experimental,21.8,0.1952705,EYE1_target_curve_before_after_CXL.xlsx
PORCINE_DRYAD_2020,1,CXL,experimental,24.525,0.20116643,EYE1_target_curve_before_after_CXL.xlsx
PORCINE_DRYAD_2020,1,CXL,experimental,27.25,0.20676886,EYE1_target_curve_before_after_CXL.xlsx
PORCINE_DRYAD_2020,1,CXL,source_FE_simulation,0,0,EYE1_target_curve_before_after_CXL.xlsx
PORCINE_DRYAD_2020,1,CXL,source_FE_simulation,0.03300264,0.00075912,EYE1_target_curve_before_after_CXL.xlsx
PORCINE_DRYAD_2020,1,CXL,source_FE_simulation,0.06600528,0.0015192,EYE1_target_curve_before_after_CXL.xlsx
PORCINE_DRYAD_2020,1,CXL,source_FE_simulation,0.11550924,0.00266171,EYE1_target_curve_before_after_CXL.xlsx
PORCINE_DRYAD_2020,1,CXL,source_FE_simulation,0.18969017,0.00438118,EYE1_target_curve_before_after_CXL.xlsx
PORCINE_DRYAD_2020,1,CXL,source_FE_simulation,0.30107408,0.00697136,EYE1_target_curve_before_after_CXL.xlsx
PORCINE_DRYAD_2020,1,CXL,source_FE_simulation,0.46811245,0.01087666,EYE1_target_curve_before_after_CXL.xlsx
PORCINE_DRYAD_2020,1,CXL,source_FE_simulation,0.71863249,0.01675987,EYE1_target_curve_before_after_CXL.xlsx
PORCINE_DRYAD_2020,1,CXL,source_FE_simulation,1.0944125,0.02557659,EYE1_target_curve_before_after_CXL.xlsx
PORCINE_DRYAD_2020,1,CXL,source_FE_simulation,1.6581576,0.03855801,EYE1_target_curve_before_after_CXL.xlsx
PORCINE_DRYAD_2020,1,CXL,source_FE_simulation,2.5037003,0.05686951,EYE1_target_curve_before_after_CXL.xlsx
PORCINE_DRYAD_2020,1,CXL,source_FE_simulation,3.7720517,0.08058453,EYE1_target_curve_before_after_CXL.xlsx
PORCINE_DRYAD_2020,1,CXL,source_FE_simulation,5.6745789,0.10793972,EYE1_target_curve_before_after_CXL.xlsx
PORCINE_DRYAD_2020,1,CXL,source_FE_simulation,8.5284072,0.13655758,EYE1_target_curve_before_after_CXL.xlsx
PORCINE_DRYAD_2020,1,CXL,source_FE_simulation,11.827696,0.15945721,EYE1_target_curve_before_after_CXL.xlsx
PORCINE_DRYAD_2020,1,CXL,source_FE_simulation,15.126985,0.17642307,EYE1_target_curve_before_after_CXL.xlsx
PORCINE_DRYAD_2020,1,CXL,source_FE_simulation,18.426274,0.18984413,EYE1_target_curve_before_after_CXL.xlsx
PORCINE_DRYAD_2020,1,CXL,source_FE_simulation,21.725563,0.20092297,EYE1_target_curve_before_after_CXL.xlsx
PORCINE_DRYAD_2020,1,CXL,source_FE_simulation,25.024777,0.21034431,EYE1_target_curve_before_after_CXL.xlsx
PORCINE_DRYAD_2020,1,CXL,source_FE_simulation,28.324066,0.21853447,EYE1_target_curve_before_after_CXL.xlsx
PORCINE_DRYAD_2020,1,CXL,source_FE_simulation,31.623355,0.22578144,EYE1_target_curve_before_after_CXL.xlsx
PORCINE_DRYAD_2020,1,CXL,source_FE_simulation,32.992814,0.228549,EYE1_target_curve_before_after_CXL.xlsx
PORCINE_DRYAD_2020,1,control_PBS,experimental,0,0,EYE1_target_curve_before_after_CXL.xlsx
PORCINE_DRYAD_2020,1,control_PBS,experimental,2.725,0.16305,EYE1_target_curve_before_after_CXL.xlsx
PORCINE_DRYAD_2020,1,control_PBS,experimental,5.45,0.21649,EYE1_target_curve_before_after_CXL.xlsx
PORCINE_DRYAD_2020,1,control_PBS,experimental,8.175,0.25411,EYE1_target_curve_before_after_CXL.xlsx
PORCINE_DRYAD_2020,1,control_PBS,experimental,10.9,0.2710175,EYE1_target_curve_before_after_CXL.xlsx
PORCINE_DRYAD_2020,1,control_PBS,experimental,13.625,0.2886075,EYE1_target_curve_before_after_CXL.xlsx
PORCINE_DRYAD_2020,1,control_PBS,experimental,16.35,0.30646972,EYE1_target_curve_before_after_CXL.xlsx
PORCINE_DRYAD_2020,1,control_PBS,experimental,19.075,0.31902972,EYE1_target_curve_before_after_CXL.xlsx
PORCINE_DRYAD_2020,1,control_PBS,experimental,21.8,0.32876972,EYE1_target_curve_before_after_CXL.xlsx
PORCINE_DRYAD_2020,1,control_PBS,experimental,24.525,0.33699972,EYE1_target_curve_before_after_CXL.xlsx
PORCINE_DRYAD_2020,1,control_PBS,experimental,27.25,0.34267972,EYE1_target_curve_before_after_CXL.xlsx
PORCINE_DRYAD_2020,1,control_PBS,source_FE_simulation,0,0,EYE1_target_curve_before_after_CXL.xlsx
PORCINE_DRYAD_2020,1,control_PBS,source_FE_simulation,0.03300264,0.00299454,EYE1_target_curve_before_after_CXL.xlsx
PORCINE_DRYAD_2020,1,control_PBS,source_FE_simulation,0.06600528,0.00600529,EYE1_target_curve_before_after_CXL.xlsx
PORCINE_DRYAD_2020,1,control_PBS,source_FE_simulation,0.11550924,0.01054573,EYE1_target_curve_before_after_CXL.xlsx
PORCINE_DRYAD_2020,1,control_PBS,source_FE_simulation,0.18969017,0.01739025,EYE1_target_curve_before_after_CXL.xlsx
PORCINE_DRYAD_2020,1,control_PBS,source_FE_simulation,0.30107408,0.02765942,EYE1_target_curve_before_after_CXL.xlsx
PORCINE_DRYAD_2020,1,control_PBS,source_FE_simulation,0.46811245,0.04281425,EYE1_target_curve_before_after_CXL.xlsx
PORCINE_DRYAD_2020,1,control_PBS,source_FE_simulation,0.71863249,0.06426716,EYE1_target_curve_before_after_CXL.xlsx
PORCINE_DRYAD_2020,1,control_PBS,source_FE_simulation,1.0944125,0.09215546,EYE1_target_curve_before_after_CXL.xlsx
PORCINE_DRYAD_2020,1,control_PBS,source_FE_simulation,1.6581576,0.12439537,EYE1_target_curve_before_after_CXL.xlsx
PORCINE_DRYAD_2020,1,control_PBS,source_FE_simulation,2.5037003,0.15808392,EYE1_target_curve_before_after_CXL.xlsx
PORCINE_DRYAD_2020,1,control_PBS,source_FE_simulation,3.7720517,0.19144726,EYE1_target_curve_before_after_CXL.xlsx
PORCINE_DRYAD_2020,1,control_PBS,source_FE_simulation,5.6745789,0.2239275,EYE1_target_curve_before_after_CXL.xlsx
PORCINE_DRYAD_2020,1,control_PBS,source_FE_simulation,8.5284072,0.25551414,EYE1_target_curve_before_after_CXL.xlsx
PORCINE_DRYAD_2020,1,control_PBS,source_FE_simulation,11.827696,0.28034973,EYE1_target_curve_before_after_CXL.xlsx
PORCINE_DRYAD_2020,1,control_PBS,source_FE_simulation,15.126985,0.29875469,EYE1_target_curve_before_after_CXL.xlsx
PORCINE_DRYAD_2020,1,control_PBS,source_FE_simulation,18.426274,0.31336594,EYE1_target_curve_before_after_CXL.xlsx
PORCINE_DRYAD_2020,1,control_PBS,source_FE_simulation,21.725563,0.32546997,EYE1_target_curve_before_after_CXL.xlsx
PORCINE_DRYAD_2020,1,control_PBS,source_FE_simulation,25.024777,0.33579445,EYE1_target_curve_before_after_CXL.xlsx
PORCINE_DRYAD_2020,1,control_PBS,source_FE_simulation,28.324066,0.34479141,EYE1_target_curve_before_after_CXL.xlsx
PORCINE_DRYAD_2020,1,control_PBS,source_FE_simulation,31.623355,0.3527689,EYE1_target_curve_before_after_CXL.xlsx
PORCINE_DRYAD_2020,1,control_PBS,source_FE_simulation,32.992814,0.3558197,EYE1_target_curve_before_after_CXL.xlsx
PORCINE_DRYAD_2020,2,CXL,experimental,0,0,EYE2_target_curve_before_after_CXL.xlsx
PORCINE_DRYAD_2020,2,CXL,experimental,2.725,0.096881886,EYE2_target_curve_before_after_CXL.xlsx
PORCINE_DRYAD_2020,2,CXL,experimental,5.45,0.26522072,EYE2_target_curve_before_after_CXL.xlsx
PORCINE_DRYAD_2020,2,CXL,experimental,8.175,0.30102497,EYE2_target_curve_before_after_CXL.xlsx
PORCINE_DRYAD_2020,2,CXL,experimental,10.9,0.31949147,EYE2_target_curve_before_after_CXL.xlsx
PORCINE_DRYAD_2020,2,CXL,experimental,13.625,0.32949477,EYE2_target_curve_before_after_CXL.xlsx
PORCINE_DRYAD_2020,2,CXL,experimental,16.35,0.33858477,EYE2_target_curve_before_after_CXL.xlsx
PORCINE_DRYAD_2020,2,CXL,experimental,19.075,0.3477181,EYE2_target_curve_before_after_CXL.xlsx
PORCINE_DRYAD_2020,2,CXL,experimental,21.8,0.35148477,EYE2_target_curve_before_after_CXL.xlsx
PORCINE_DRYAD_2020,2,CXL,experimental,24.525,0.3556681,EYE2_target_curve_before_after_CXL.xlsx
PORCINE_DRYAD_2020,2,CXL,experimental,27.25,0.36010973,EYE2_target_curve_before_after_CXL.xlsx
PORCINE_DRYAD_2020,2,CXL,source_FE_simulation,0,0,EYE2_target_curve_before_after_CXL.xlsx
PORCINE_DRYAD_2020,2,CXL,source_FE_simulation,0.03300264,0.00221348,EYE2_target_curve_before_after_CXL.xlsx
PORCINE_DRYAD_2020,2,CXL,source_FE_simulation,0.06600528,0.00443363,EYE2_target_curve_before_after_CXL.xlsx
PORCINE_DRYAD_2020,2,CXL,source_FE_simulation,0.11550924,0.0077734,EYE2_target_curve_before_after_CXL.xlsx
PORCINE_DRYAD_2020,2,CXL,source_FE_simulation,0.18969017,0.01280117,EYE2_target_curve_before_after_CXL.xlsx
PORCINE_DRYAD_2020,2,CXL,source_FE_simulation,0.30107408,0.02036667,EYE2_target_curve_before_after_CXL.xlsx
PORCINE_DRYAD_2020,2,CXL,source_FE_simulation,0.46811245,0.03171444,EYE2_target_curve_before_after_CXL.xlsx
PORCINE_DRYAD_2020,2,CXL,source_FE_simulation,0.71863249,0.04853821,EYE2_target_curve_before_after_CXL.xlsx
PORCINE_DRYAD_2020,2,CXL,source_FE_simulation,1.0944125,0.07273865,EYE2_target_curve_before_after_CXL.xlsx
PORCINE_DRYAD_2020,2,CXL,source_FE_simulation,1.6581576,0.10532093,EYE2_target_curve_before_after_CXL.xlsx
PORCINE_DRYAD_2020,2,CXL,source_FE_simulation,2.5037003,0.1447897,EYE2_target_curve_before_after_CXL.xlsx
PORCINE_DRYAD_2020,2,CXL,source_FE_simulation,3.7720517,0.18757725,EYE2_target_curve_before_after_CXL.xlsx
PORCINE_DRYAD_2020,2,CXL,source_FE_simulation,5.6745789,0.23071671,EYE2_target_curve_before_after_CXL.xlsx
PORCINE_DRYAD_2020,2,CXL,source_FE_simulation,8.5284072,0.27293777,EYE2_target_curve_before_after_CXL.xlsx
PORCINE_DRYAD_2020,2,CXL,source_FE_simulation,11.827696,0.30604362,EYE2_target_curve_before_after_CXL.xlsx
PORCINE_DRYAD_2020,2,CXL,source_FE_simulation,15.126985,0.33048916,EYE2_target_curve_before_after_CXL.xlsx
PORCINE_DRYAD_2020,2,CXL,source_FE_simulation,18.426274,0.34984207,EYE2_target_curve_before_after_CXL.xlsx
PORCINE_DRYAD_2020,2,CXL,source_FE_simulation,21.725563,0.36583996,EYE2_target_curve_before_after_CXL.xlsx
PORCINE_DRYAD_2020,2,CXL,source_FE_simulation,25.024777,0.37946224,EYE2_target_curve_before_after_CXL.xlsx
PORCINE_DRYAD_2020,2,CXL,source_FE_simulation,28.324066,0.39131737,EYE2_target_curve_before_after_CXL.xlsx
PORCINE_DRYAD_2020,2,CXL,source_FE_simulation,31.623355,0.40181732,EYE2_target_curve_before_after_CXL.xlsx
PORCINE_DRYAD_2020,2,CXL,source_FE_simulation,32.992814,0.40582943,EYE2_target_curve_before_after_CXL.xlsx
PORCINE_DRYAD_2020,2,control_PBS,experimental,0,0,EYE2_target_curve_before_after_CXL.xlsx
PORCINE_DRYAD_2020,2,control_PBS,experimental,2.725,0.14607814,EYE2_target_curve_before_after_CXL.xlsx
PORCINE_DRYAD_2020,2,control_PBS,experimental,5.45,0.36752264,EYE2_target_curve_before_after_CXL.xlsx
PORCINE_DRYAD_2020,2,control_PBS,experimental,8.175,0.39397604,EYE2_target_curve_before_after_CXL.xlsx
PORCINE_DRYAD_2020,2,control_PBS,experimental,10.9,0.41454271,EYE2_target_curve_before_after_CXL.xlsx
PORCINE_DRYAD_2020,2,control_PBS,experimental,13.625,0.42720938,EYE2_target_curve_before_after_CXL.xlsx
PORCINE_DRYAD_2020,2,control_PBS,experimental,16.35,0.43813438,EYE2_target_curve_before_after_CXL.xlsx
PORCINE_DRYAD_2020,2,control_PBS,experimental,19.075,0.44558938,EYE2_target_curve_before_after_CXL.xlsx
PORCINE_DRYAD_2020,2,control_PBS,experimental,21.8,0.45094931,EYE2_target_curve_before_after_CXL.xlsx
PORCINE_DRYAD_2020,2,control_PBS,experimental,24.525,0.45655481,EYE2_target_curve_before_after_CXL.xlsx
PORCINE_DRYAD_2020,2,control_PBS,experimental,27.25,0.45972981,EYE2_target_curve_before_after_CXL.xlsx
PORCINE_DRYAD_2020,2,control_PBS,source_FE_simulation,0,0,EYE2_target_curve_before_after_CXL.xlsx
PORCINE_DRYAD_2020,2,control_PBS,source_FE_simulation,0.03300264,0.00305748,EYE2_target_curve_before_after_CXL.xlsx
PORCINE_DRYAD_2020,2,control_PBS,source_FE_simulation,0.06600528,0.00612164,EYE2_target_curve_before_after_CXL.xlsx
PORCINE_DRYAD_2020,2,control_PBS,source_FE_simulation,0.11550924,0.01072979,EYE2_target_curve_before_after_CXL.xlsx
PORCINE_DRYAD_2020,2,control_PBS,source_FE_simulation,0.18969017,0.01765728,EYE2_target_curve_before_after_CXL.xlsx
PORCINE_DRYAD_2020,2,control_PBS,source_FE_simulation,0.30107408,0.02806282,EYE2_target_curve_before_after_CXL.xlsx
PORCINE_DRYAD_2020,2,control_PBS,source_FE_simulation,0.46811245,0.04361343,EYE2_target_curve_before_after_CXL.xlsx
PORCINE_DRYAD_2020,2,control_PBS,source_FE_simulation,0.71863249,0.06652164,EYE2_target_curve_before_after_CXL.xlsx
PORCINE_DRYAD_2020,2,control_PBS,source_FE_simulation,1.0944125,0.09908772,EYE2_target_curve_before_after_CXL.xlsx
PORCINE_DRYAD_2020,2,control_PBS,source_FE_simulation,1.6581576,0.14215565,EYE2_target_curve_before_after_CXL.xlsx
PORCINE_DRYAD_2020,2,control_PBS,source_FE_simulation,2.5037003,0.19324493,EYE2_target_curve_before_after_CXL.xlsx
PORCINE_DRYAD_2020,2,control_PBS,source_FE_simulation,3.7720517,0.24774742,EYE2_target_curve_before_after_CXL.xlsx
PORCINE_DRYAD_2020,2,control_PBS,source_FE_simulation,5.6745789,0.3022604,EYE2_target_curve_before_after_CXL.xlsx
PORCINE_DRYAD_2020,2,control_PBS,source_FE_simulation,8.5284072,0.3554697,EYE2_target_curve_before_after_CXL.xlsx
PORCINE_DRYAD_2020,2,control_PBS,source_FE_simulation,11.827696,0.3971653,EYE2_target_curve_before_after_CXL.xlsx
PORCINE_DRYAD_2020,2,control_PBS,source_FE_simulation,15.126985,0.42795181,EYE2_target_curve_before_after_CXL.xlsx
PORCINE_DRYAD_2020,2,control_PBS,source_FE_simulation,18.426274,0.45232487,EYE2_target_curve_before_after_CXL.xlsx
PORCINE_DRYAD_2020,2,control_PBS,source_FE_simulation,21.725563,0.47247219,EYE2_target_curve_before_after_CXL.xlsx
PORCINE_DRYAD_2020,2,control_PBS,source_FE_simulation,25.024777,0.4896307,EYE2_target_curve_before_after_CXL.xlsx
PORCINE_DRYAD_2020,2,control_PBS,source_FE_simulation,28.324066,0.50456429,EYE2_target_curve_before_after_CXL.xlsx
PORCINE_DRYAD_2020,2,control_PBS,source_FE_simulation,31.623355,0.51779079,EYE2_target_curve_before_after_CXL.xlsx
PORCINE_DRYAD_2020,2,control_PBS,source_FE_simulation,32.992814,0.52284527,EYE2_target_curve_before_after_CXL.xlsx
PORCINE_DRYAD_2020,3,CXL,experimental,0,0,EYE3_target_curve_before_after_CXL.xlsx
PORCINE_DRYAD_2020,3,CXL,experimental,2.725,0.1127,EYE3_target_curve_before_after_CXL.xlsx
PORCINE_DRYAD_2020,3,CXL,experimental,5.45,0.25258,EYE3_target_curve_before_after_CXL.xlsx
PORCINE_DRYAD_2020,3,CXL,experimental,8.175,0.29686671,EYE3_target_curve_before_after_CXL.xlsx
PORCINE_DRYAD_2020,3,CXL,experimental,10.9,0.30686671,EYE3_target_curve_before_after_CXL.xlsx
PORCINE_DRYAD_2020,3,CXL,experimental,13.625,0.31704671,EYE3_target_curve_before_after_CXL.xlsx
PORCINE_DRYAD_2020,3,CXL,experimental,16.35,0.32816671,EYE3_target_curve_before_after_CXL.xlsx
PORCINE_DRYAD_2020,3,CXL,experimental,19.075,0.33716005,EYE3_target_curve_before_after_CXL.xlsx
PORCINE_DRYAD_2020,3,CXL,experimental,21.8,0.33886505,EYE3_target_curve_before_after_CXL.xlsx
PORCINE_DRYAD_2020,3,CXL,experimental,24.525,0.34066505,EYE3_target_curve_before_after_CXL.xlsx
PORCINE_DRYAD_2020,3,CXL,experimental,27.25,0.34356505,EYE3_target_curve_before_after_CXL.xlsx
PORCINE_DRYAD_2020,3,control_PBS,experimental,0,0,EYE3_target_curve_before_after_CXL.xlsx
PORCINE_DRYAD_2020,3,control_PBS,experimental,2.725,0.13917413,EYE3_target_curve_before_after_CXL.xlsx
PORCINE_DRYAD_2020,3,control_PBS,experimental,5.45,0.33773857,EYE3_target_curve_before_after_CXL.xlsx
PORCINE_DRYAD_2020,3,control_PBS,experimental,8.175,0.38784739,EYE3_target_curve_before_after_CXL.xlsx
PORCINE_DRYAD_2020,3,control_PBS,experimental,10.9,0.39882739,EYE3_target_curve_before_after_CXL.xlsx
PORCINE_DRYAD_2020,3,control_PBS,experimental,13.625,0.40469489,EYE3_target_curve_before_after_CXL.xlsx
PORCINE_DRYAD_2020,3,control_PBS,experimental,16.35,0.41193079,EYE3_target_curve_before_after_CXL.xlsx
PORCINE_DRYAD_2020,3,control_PBS,experimental,19.075,0.4168619,EYE3_target_curve_before_after_CXL.xlsx
PORCINE_DRYAD_2020,3,control_PBS,experimental,21.8,0.4234119,EYE3_target_curve_before_after_CXL.xlsx
PORCINE_DRYAD_2020,3,control_PBS,experimental,24.525,0.4298019,EYE3_target_curve_before_after_CXL.xlsx
PORCINE_DRYAD_2020,3,control_PBS,experimental,27.25,0.4352353,EYE3_target_curve_before_after_CXL.xlsx
PORCINE_DRYAD_2020,3,control_PBS,source_FE_simulation,0,0,EYE3_target_curve_before_after_CXL.xlsx
PORCINE_DRYAD_2020,3,control_PBS,source_FE_simulation,0.03300264,0.00305843,EYE3_target_curve_before_after_CXL.xlsx
PORCINE_DRYAD_2020,3,control_PBS,source_FE_simulation,0.06600528,0.0061245,EYE3_target_curve_before_after_CXL.xlsx
PORCINE_DRYAD_2020,3,control_PBS,source_FE_simulation,0.11550924,0.01073742,EYE3_target_curve_before_after_CXL.xlsx
PORCINE_DRYAD_2020,3,control_PBS,source_FE_simulation,0.18969017,0.01767635,EYE3_target_curve_before_after_CXL.xlsx
PORCINE_DRYAD_2020,3,control_PBS,source_FE_simulation,0.30107408,0.02810001,EYE3_target_curve_before_after_CXL.xlsx
PORCINE_DRYAD_2020,3,control_PBS,source_FE_simulation,0.46811245,0.04366398,EYE3_target_curve_before_after_CXL.xlsx
PORCINE_DRYAD_2020,3,control_PBS,source_FE_simulation,0.71863249,0.06650925,EYE3_target_curve_before_after_CXL.xlsx
PORCINE_DRYAD_2020,3,control_PBS,source_FE_simulation,1.0944125,0.09866238,EYE3_target_curve_before_after_CXL.xlsx
PORCINE_DRYAD_2020,3,control_PBS,source_FE_simulation,1.6581576,0.14037704,EYE3_target_curve_before_after_CXL.xlsx
PORCINE_DRYAD_2020,3,control_PBS,source_FE_simulation,2.5037003,0.18871117,EYE3_target_curve_before_after_CXL.xlsx
PORCINE_DRYAD_2020,3,control_PBS,source_FE_simulation,3.7720517,0.2393837,EYE3_target_curve_before_after_CXL.xlsx
PORCINE_DRYAD_2020,3,control_PBS,source_FE_simulation,5.6745789,0.28967094,EYE3_target_curve_before_after_CXL.xlsx
PORCINE_DRYAD_2020,3,control_PBS,source_FE_simulation,8.5284072,0.33865643,EYE3_target_curve_before_after_CXL.xlsx
PORCINE_DRYAD_2020,3,control_PBS,source_FE_simulation,11.827696,0.37704754,EYE3_target_curve_before_after_CXL.xlsx
PORCINE_DRYAD_2020,3,control_PBS,source_FE_simulation,15.126985,0.40540886,EYE3_target_curve_before_after_CXL.xlsx
PORCINE_DRYAD_2020,3,control_PBS,source_FE_simulation,18.426274,0.4278717,EYE3_target_curve_before_after_CXL.xlsx
PORCINE_DRYAD_2020,3,control_PBS,source_FE_simulation,21.725563,0.44644642,EYE3_target_curve_before_after_CXL.xlsx
PORCINE_DRYAD_2020,3,control_PBS,source_FE_simulation,25.024777,0.46226883,EYE3_target_curve_before_after_CXL.xlsx
PORCINE_DRYAD_2020,3,control_PBS,source_FE_simulation,28.324066,0.47604275,EYE3_target_curve_before_after_CXL.xlsx
PORCINE_DRYAD_2020,3,control_PBS,source_FE_simulation,31.623355,0.48824406,EYE3_target_curve_before_after_CXL.xlsx
PORCINE_DRYAD_2020,3,control_PBS,source_FE_simulation,32.992814,0.49290752,EYE3_target_curve_before_after_CXL.xlsx
PORCINE_DRYAD_2020,4,CXL,experimental,0,0,EYE4_target_curve_before_after_CXL.xlsx
PORCINE_DRYAD_2020,4,CXL,experimental,2.725,0.10387,EYE4_target_curve_before_after_CXL.xlsx
PORCINE_DRYAD_2020,4,CXL,experimental,5.45,0.177,EYE4_target_curve_before_after_CXL.xlsx
PORCINE_DRYAD_2020,4,CXL,experimental,8.175,0.19745,EYE4_target_curve_before_after_CXL.xlsx
PORCINE_DRYAD_2020,4,CXL,experimental,10.9,0.20141,EYE4_target_curve_before_after_CXL.xlsx
PORCINE_DRYAD_2020,4,CXL,experimental,13.625,0.20678333,EYE4_target_curve_before_after_CXL.xlsx
PORCINE_DRYAD_2020,4,CXL,experimental,16.35,0.21561,EYE4_target_curve_before_after_CXL.xlsx
PORCINE_DRYAD_2020,4,CXL,experimental,19.075,0.21908333,EYE4_target_curve_before_after_CXL.xlsx
PORCINE_DRYAD_2020,4,CXL,experimental,21.8,0.22172333,EYE4_target_curve_before_after_CXL.xlsx
PORCINE_DRYAD_2020,4,CXL,experimental,24.525,0.22494333,EYE4_target_curve_before_after_CXL.xlsx
PORCINE_DRYAD_2020,4,CXL,experimental,27.25,0.22719673,EYE4_target_curve_before_after_CXL.xlsx
PORCINE_DRYAD_2020,4,CXL,source_FE_simulation,0,0,EYE4_target_curve_before_after_CXL.xlsx
PORCINE_DRYAD_2020,4,CXL,source_FE_simulation,0.03300264,0.002738,EYE4_target_curve_before_after_CXL.xlsx
PORCINE_DRYAD_2020,4,CXL,source_FE_simulation,0.06600528,0.00549984,EYE4_target_curve_before_after_CXL.xlsx
PORCINE_DRYAD_2020,4,CXL,source_FE_simulation,0.11550924,0.00967598,EYE4_target_curve_before_after_CXL.xlsx
PORCINE_DRYAD_2020,4,CXL,source_FE_simulation,0.18969017,0.01597214,EYE4_target_curve_before_after_CXL.xlsx
PORCINE_DRYAD_2020,4,CXL,source_FE_simulation,0.30107408,0.02534103,EYE4_target_curve_before_after_CXL.xlsx
PORCINE_DRYAD_2020,4,CXL,source_FE_simulation,0.46811245,0.03873825,EYE4_target_curve_before_after_CXL.xlsx
PORCINE_DRYAD_2020,4,CXL,source_FE_simulation,0.71863249,0.05647945,EYE4_target_curve_before_after_CXL.xlsx
PORCINE_DRYAD_2020,4,CXL,source_FE_simulation,1.0944125,0.07729912,EYE4_target_curve_before_after_CXL.xlsx
PORCINE_DRYAD_2020,4,CXL,source_FE_simulation,1.6581576,0.09918118,EYE4_target_curve_before_after_CXL.xlsx
PORCINE_DRYAD_2020,4,CXL,source_FE_simulation,2.5037003,0.12089539,EYE4_target_curve_before_after_CXL.xlsx
PORCINE_DRYAD_2020,4,CXL,source_FE_simulation,3.7720517,0.14203548,EYE4_target_curve_before_after_CXL.xlsx
PORCINE_DRYAD_2020,4,CXL,source_FE_simulation,5.6745789,0.16259289,EYE4_target_curve_before_after_CXL.xlsx
PORCINE_DRYAD_2020,4,CXL,source_FE_simulation,8.5284072,0.18265724,EYE4_target_curve_before_after_CXL.xlsx
PORCINE_DRYAD_2020,4,CXL,source_FE_simulation,11.827696,0.19849682,EYE4_target_curve_before_after_CXL.xlsx
PORCINE_DRYAD_2020,4,CXL,source_FE_simulation,15.126985,0.21026993,EYE4_target_curve_before_after_CXL.xlsx
PORCINE_DRYAD_2020,4,CXL,source_FE_simulation,18.426274,0.21963501,EYE4_target_curve_before_after_CXL.xlsx
PORCINE_DRYAD_2020,4,CXL,source_FE_simulation,21.725563,0.22740459,EYE4_target_curve_before_after_CXL.xlsx
PORCINE_DRYAD_2020,4,CXL,source_FE_simulation,25.024777,0.23404026,EYE4_target_curve_before_after_CXL.xlsx
PORCINE_DRYAD_2020,4,CXL,source_FE_simulation,28.324066,0.23983669,EYE4_target_curve_before_after_CXL.xlsx
PORCINE_DRYAD_2020,4,CXL,source_FE_simulation,31.623355,0.2449646,EYE4_target_curve_before_after_CXL.xlsx
PORCINE_DRYAD_2020,4,CXL,source_FE_simulation,32.992814,0.24693012,EYE4_target_curve_before_after_CXL.xlsx
PORCINE_DRYAD_2020,4,control_PBS,experimental,0,0,EYE4_target_curve_before_after_CXL.xlsx
PORCINE_DRYAD_2020,4,control_PBS,experimental,2.725,0.1076466,EYE4_target_curve_before_after_CXL.xlsx
PORCINE_DRYAD_2020,4,control_PBS,experimental,5.45,0.24644993,EYE4_target_curve_before_after_CXL.xlsx
PORCINE_DRYAD_2020,4,control_PBS,experimental,8.175,0.28520993,EYE4_target_curve_before_after_CXL.xlsx
PORCINE_DRYAD_2020,4,control_PBS,experimental,10.9,0.30574333,EYE4_target_curve_before_after_CXL.xlsx
PORCINE_DRYAD_2020,4,control_PBS,experimental,13.625,0.31876993,EYE4_target_curve_before_after_CXL.xlsx
PORCINE_DRYAD_2020,4,control_PBS,experimental,16.35,0.32821939,EYE4_target_curve_before_after_CXL.xlsx
PORCINE_DRYAD_2020,4,control_PBS,experimental,19.075,0.33800272,EYE4_target_curve_before_after_CXL.xlsx
PORCINE_DRYAD_2020,4,control_PBS,experimental,21.8,0.34624606,EYE4_target_curve_before_after_CXL.xlsx
PORCINE_DRYAD_2020,4,control_PBS,experimental,24.525,0.35284606,EYE4_target_curve_before_after_CXL.xlsx
PORCINE_DRYAD_2020,4,control_PBS,experimental,27.25,0.35884606,EYE4_target_curve_before_after_CXL.xlsx
PORCINE_DRYAD_2020,4,control_PBS,source_FE_simulation,0,0,EYE4_target_curve_before_after_CXL.xlsx
PORCINE_DRYAD_2020,4,control_PBS,source_FE_simulation,0.03300264,0.00213051,EYE4_target_curve_before_after_CXL.xlsx
PORCINE_DRYAD_2020,4,control_PBS,source_FE_simulation,0.06600528,0.00426769,EYE4_target_curve_before_after_CXL.xlsx
PORCINE_DRYAD_2020,4,control_PBS,source_FE_simulation,0.11550924,0.00748253,EYE4_target_curve_before_after_CXL.xlsx
PORCINE_DRYAD_2020,4,control_PBS,source_FE_simulation,0.18969017,0.01232243,EYE4_target_curve_before_after_CXL.xlsx
PORCINE_DRYAD_2020,4,control_PBS,source_FE_simulation,0.30107408,0.01960754,EYE4_target_curve_before_after_CXL.xlsx
PORCINE_DRYAD_2020,4,control_PBS,source_FE_simulation,0.46811245,0.03053761,EYE4_target_curve_before_after_CXL.xlsx
PORCINE_DRYAD_2020,4,control_PBS,source_FE_simulation,0.71863249,0.04675579,EYE4_target_curve_before_after_CXL.xlsx
PORCINE_DRYAD_2020,4,control_PBS,source_FE_simulation,1.0944125,0.07012749,EYE4_target_curve_before_after_CXL.xlsx
PORCINE_DRYAD_2020,4,control_PBS,source_FE_simulation,1.6581576,0.10166454,EYE4_target_curve_before_after_CXL.xlsx
PORCINE_DRYAD_2020,4,control_PBS,source_FE_simulation,2.5037003,0.14000511,EYE4_target_curve_before_after_CXL.xlsx
PORCINE_DRYAD_2020,4,control_PBS,source_FE_simulation,3.7720517,0.18168926,EYE4_target_curve_before_after_CXL.xlsx
PORCINE_DRYAD_2020,4,control_PBS,source_FE_simulation,5.6745789,0.22376728,EYE4_target_curve_before_after_CXL.xlsx
PORCINE_DRYAD_2020,4,control_PBS,source_FE_simulation,8.5284072,0.26497459,EYE4_target_curve_before_after_CXL.xlsx
PORCINE_DRYAD_2020,4,control_PBS,source_FE_simulation,11.827696,0.29728794,EYE4_target_curve_before_after_CXL.xlsx
PORCINE_DRYAD_2020,4,control_PBS,source_FE_simulation,15.126985,0.32114983,EYE4_target_curve_before_after_CXL.xlsx
PORCINE_DRYAD_2020,4,control_PBS,source_FE_simulation,18.426274,0.34003925,EYE4_target_curve_before_after_CXL.xlsx
PORCINE_DRYAD_2020,4,control_PBS,source_FE_simulation,21.725563,0.35565376,EYE4_target_curve_before_after_CXL.xlsx
PORCINE_DRYAD_2020,4,control_PBS,source_FE_simulation,25.024777,0.36894989,EYE4_target_curve_before_after_CXL.xlsx
PORCINE_DRYAD_2020,4,control_PBS,source_FE_simulation,28.324066,0.38052177,EYE4_target_curve_before_after_CXL.xlsx
PORCINE_DRYAD_2020,4,control_PBS,source_FE_simulation,31.623355,0.39076996,EYE4_target_curve_before_after_CXL.xlsx
PORCINE_DRYAD_2020,4,control_PBS,source_FE_simulation,32.992814,0.3946867,EYE4_target_curve_before_after_CXL.xlsx
PORCINE_DRYAD_2020,5,CXL,experimental,0,0,EYE5_target_curve_before_after_CXL.xlsx
PORCINE_DRYAD_2020,5,CXL,experimental,2.725,0.14028325,EYE5_target_curve_before_after_CXL.xlsx
PORCINE_DRYAD_2020,5,CXL,experimental,5.45,0.27100825,EYE5_target_curve_before_after_CXL.xlsx
PORCINE_DRYAD_2020,5,CXL,experimental,8.175,0.30425058,EYE5_target_curve_before_after_CXL.xlsx
PORCINE_DRYAD_2020,5,CXL,experimental,10.9,0.32071558,EYE5_target_curve_before_after_CXL.xlsx
PORCINE_DRYAD_2020,5,CXL,experimental,13.625,0.32631058,EYE5_target_curve_before_after_CXL.xlsx
PORCINE_DRYAD_2020,5,CXL,experimental,16.35,0.33231058,EYE5_target_curve_before_after_CXL.xlsx
PORCINE_DRYAD_2020,5,CXL,experimental,19.075,0.33792458,EYE5_target_curve_before_after_CXL.xlsx
PORCINE_DRYAD_2020,5,CXL,experimental,21.8,0.33946633,EYE5_target_curve_before_after_CXL.xlsx
PORCINE_DRYAD_2020,5,CXL,experimental,24.525,0.340983,EYE5_target_curve_before_after_CXL.xlsx
PORCINE_DRYAD_2020,5,CXL,experimental,27.25,0.342633,EYE5_target_curve_before_after_CXL.xlsx
PORCINE_DRYAD_2020,5,CXL,source_FE_simulation,0,0,EYE5_target_curve_before_after_CXL.xlsx
PORCINE_DRYAD_2020,5,CXL,source_FE_simulation,0.03300264,0.00348759,EYE5_target_curve_before_after_CXL.xlsx
PORCINE_DRYAD_2020,5,CXL,source_FE_simulation,0.06600528,0.00699425,EYE5_target_curve_before_after_CXL.xlsx
PORCINE_DRYAD_2020,5,CXL,source_FE_simulation,0.11550924,0.01228333,EYE5_target_curve_before_after_CXL.xlsx
PORCINE_DRYAD_2020,5,CXL,source_FE_simulation,0.18969017,0.02024937,EYE5_target_curve_before_after_CXL.xlsx
PORCINE_DRYAD_2020,5,CXL,source_FE_simulation,0.30107408,0.03217316,EYE5_target_curve_before_after_CXL.xlsx
PORCINE_DRYAD_2020,5,CXL,source_FE_simulation,0.46811245,0.04965401,EYE5_target_curve_before_after_CXL.xlsx
PORCINE_DRYAD_2020,5,CXL,source_FE_simulation,0.71863249,0.07402992,EYE5_target_curve_before_after_CXL.xlsx
PORCINE_DRYAD_2020,5,CXL,source_FE_simulation,1.0944125,0.10494041,EYE5_target_curve_before_after_CXL.xlsx
PORCINE_DRYAD_2020,5,CXL,source_FE_simulation,1.6581576,0.13976383,EYE5_target_curve_before_after_CXL.xlsx
PORCINE_DRYAD_2020,5,CXL,source_FE_simulation,2.5037003,0.17554951,EYE5_target_curve_before_after_CXL.xlsx
PORCINE_DRYAD_2020,5,CXL,source_FE_simulation,3.7720517,0.21075439,EYE5_target_curve_before_after_CXL.xlsx
PORCINE_DRYAD_2020,5,CXL,source_FE_simulation,5.6745789,0.24497509,EYE5_target_curve_before_after_CXL.xlsx
PORCINE_DRYAD_2020,5,CXL,source_FE_simulation,8.5284072,0.27825928,EYE5_target_curve_before_after_CXL.xlsx
PORCINE_DRYAD_2020,5,CXL,source_FE_simulation,11.827696,0.3044405,EYE5_target_curve_before_after_CXL.xlsx
PORCINE_DRYAD_2020,5,CXL,source_FE_simulation,15.126985,0.32384968,EYE5_target_curve_before_after_CXL.xlsx
PORCINE_DRYAD_2020,5,CXL,source_FE_simulation,18.426274,0.33926201,EYE5_target_curve_before_after_CXL.xlsx
PORCINE_DRYAD_2020,5,CXL,source_FE_simulation,21.725563,0.35203075,EYE5_target_curve_before_after_CXL.xlsx
PORCINE_DRYAD_2020,5,CXL,source_FE_simulation,25.024777,0.36292362,EYE5_target_curve_before_after_CXL.xlsx
PORCINE_DRYAD_2020,5,CXL,source_FE_simulation,28.324066,0.37241745,EYE5_target_curve_before_after_CXL.xlsx
PORCINE_DRYAD_2020,5,CXL,source_FE_simulation,31.623355,0.38083553,EYE5_target_curve_before_after_CXL.xlsx
PORCINE_DRYAD_2020,5,CXL,source_FE_simulation,32.992814,0.38405514,EYE5_target_curve_before_after_CXL.xlsx
PORCINE_DRYAD_2020,5,control_PBS,experimental,0,0,EYE5_target_curve_before_after_CXL.xlsx
PORCINE_DRYAD_2020,5,control_PBS,experimental,2.725,0.18113,EYE5_target_curve_before_after_CXL.xlsx
PORCINE_DRYAD_2020,5,control_PBS,experimental,5.45,0.35283222,EYE5_target_curve_before_after_CXL.xlsx
PORCINE_DRYAD_2020,5,control_PBS,experimental,8.175,0.41191889,EYE5_target_curve_before_after_CXL.xlsx
PORCINE_DRYAD_2020,5,control_PBS,experimental,10.9,0.42771889,EYE5_target_curve_before_after_CXL.xlsx
PORCINE_DRYAD_2020,5,control_PBS,experimental,13.625,0.44530889,EYE5_target_curve_before_after_CXL.xlsx
PORCINE_DRYAD_2020,5,control_PBS,experimental,16.35,0.46058889,EYE5_target_curve_before_after_CXL.xlsx
PORCINE_DRYAD_2020,5,control_PBS,experimental,19.075,0.47314889,EYE5_target_curve_before_after_CXL.xlsx
PORCINE_DRYAD_2020,5,control_PBS,experimental,21.8,0.48288889,EYE5_target_curve_before_after_CXL.xlsx
PORCINE_DRYAD_2020,5,control_PBS,experimental,24.525,0.49111889,EYE5_target_curve_before_after_CXL.xlsx
PORCINE_DRYAD_2020,5,control_PBS,experimental,27.25,0.49679889,EYE5_target_curve_before_after_CXL.xlsx
PORCINE_DRYAD_2020,5,control_PBS,source_FE_simulation,0,0,EYE5_target_curve_before_after_CXL.xlsx
PORCINE_DRYAD_2020,5,control_PBS,source_FE_simulation,0.03300264,0.00375938,EYE5_target_curve_before_after_CXL.xlsx
PORCINE_DRYAD_2020,5,control_PBS,source_FE_simulation,0.06600528,0.00753021,EYE5_target_curve_before_after_CXL.xlsx
PORCINE_DRYAD_2020,5,control_PBS,source_FE_simulation,0.11550924,0.01319981,EYE5_target_curve_before_after_CXL.xlsx
PORCINE_DRYAD_2020,5,control_PBS,source_FE_simulation,0.18969017,0.0217247,EYE5_target_curve_before_after_CXL.xlsx
PORCINE_DRYAD_2020,5,control_PBS,source_FE_simulation,0.30107408,0.03450966,EYE5_target_curve_before_after_CXL.xlsx
PORCINE_DRYAD_2020,5,control_PBS,source_FE_simulation,0.46811245,0.05351448,EYE5_target_curve_before_after_CXL.xlsx
PORCINE_DRYAD_2020,5,control_PBS,source_FE_simulation,0.71863249,0.08111382,EYE5_target_curve_before_after_CXL.xlsx
PORCINE_DRYAD_2020,5,control_PBS,source_FE_simulation,1.0944125,0.11910057,EYE5_target_curve_before_after_CXL.xlsx
PORCINE_DRYAD_2020,5,control_PBS,source_FE_simulation,1.6581576,0.16668892,EYE5_target_curve_before_after_CXL.xlsx
PORCINE_DRYAD_2020,5,control_PBS,source_FE_simulation,2.5037003,0.21985626,EYE5_target_curve_before_after_CXL.xlsx
PORCINE_DRYAD_2020,5,control_PBS,source_FE_simulation,3.7720517,0.27430534,EYE5_target_curve_before_after_CXL.xlsx
PORCINE_DRYAD_2020,5,control_PBS,source_FE_simulation,5.6745789,0.32783508,EYE5_target_curve_before_after_CXL.xlsx
PORCINE_DRYAD_2020,5,control_PBS,source_FE_simulation,8.5284072,0.37986755,EYE5_target_curve_before_after_CXL.xlsx
PORCINE_DRYAD_2020,5,control_PBS,source_FE_simulation,11.827696,0.42065907,EYE5_target_curve_before_after_CXL.xlsx
PORCINE_DRYAD_2020,5,control_PBS,source_FE_simulation,15.126985,0.45081139,EYE5_target_curve_before_after_CXL.xlsx
PORCINE_DRYAD_2020,5,control_PBS,source_FE_simulation,18.426274,0.47470665,EYE5_target_curve_before_after_CXL.xlsx
PORCINE_DRYAD_2020,5,control_PBS,source_FE_simulation,21.725563,0.49447441,EYE5_target_curve_before_after_CXL.xlsx
PORCINE_DRYAD_2020,5,control_PBS,source_FE_simulation,25.024777,0.51131916,EYE5_target_curve_before_after_CXL.xlsx
PORCINE_DRYAD_2020,5,control_PBS,source_FE_simulation,28.324066,0.52598667,EYE5_target_curve_before_after_CXL.xlsx
PORCINE_DRYAD_2020,5,control_PBS,source_FE_simulation,31.623355,0.53898335,EYE5_target_curve_before_after_CXL.xlsx
PORCINE_DRYAD_2020,5,control_PBS,source_FE_simulation,32.992814,0.54395199,EYE5_target_curve_before_after_CXL.xlsx
PORCINE_DRYAD_2020,6,CXL,experimental,0,0,EYE6_target_curve_before_after_CXL.xlsx
PORCINE_DRYAD_2020,6,CXL,experimental,2.725,0.14801333,EYE6_target_curve_before_after_CXL.xlsx
PORCINE_DRYAD_2020,6,CXL,experimental,5.45,0.28886342,EYE6_target_curve_before_after_CXL.xlsx
PORCINE_DRYAD_2020,6,CXL,experimental,8.175,0.3119777,EYE6_target_curve_before_after_CXL.xlsx
PORCINE_DRYAD_2020,6,CXL,experimental,10.9,0.3403027,EYE6_target_curve_before_after_CXL.xlsx
PORCINE_DRYAD_2020,6,CXL,experimental,13.625,0.3439327,EYE6_target_curve_before_after_CXL.xlsx
PORCINE_DRYAD_2020,6,CXL,experimental,16.35,0.3521927,EYE6_target_curve_before_after_CXL.xlsx
PORCINE_DRYAD_2020,6,CXL,experimental,19.075,0.3581595,EYE6_target_curve_before_after_CXL.xlsx
PORCINE_DRYAD_2020,6,CXL,experimental,21.8,0.36049284,EYE6_target_curve_before_after_CXL.xlsx
PORCINE_DRYAD_2020,6,CXL,experimental,24.525,0.36301277,EYE6_target_curve_before_after_CXL.xlsx
PORCINE_DRYAD_2020,6,CXL,experimental,27.25,0.36381277,EYE6_target_curve_before_after_CXL.xlsx
PORCINE_DRYAD_2020,6,control_PBS,experimental,0,0,EYE6_target_curve_before_after_CXL.xlsx
PORCINE_DRYAD_2020,6,control_PBS,experimental,2.725,0.15656,EYE6_target_curve_before_after_CXL.xlsx
PORCINE_DRYAD_2020,6,control_PBS,experimental,5.45,0.34542286,EYE6_target_curve_before_after_CXL.xlsx
PORCINE_DRYAD_2020,6,control_PBS,experimental,8.175,0.41062571,EYE6_target_curve_before_after_CXL.xlsx
PORCINE_DRYAD_2020,6,control_PBS,experimental,10.9,0.44041231,EYE6_target_curve_before_after_CXL.xlsx
PORCINE_DRYAD_2020,6,control_PBS,experimental,13.625,0.45856981,EYE6_target_curve_before_after_CXL.xlsx
PORCINE_DRYAD_2020,6,control_PBS,experimental,16.35,0.47221839,EYE6_target_curve_before_after_CXL.xlsx
PORCINE_DRYAD_2020,6,control_PBS,experimental,19.075,0.48402839,EYE6_target_curve_before_after_CXL.xlsx
PORCINE_DRYAD_2020,6,control_PBS,experimental,21.8,0.49046641,EYE6_target_curve_before_after_CXL.xlsx
PORCINE_DRYAD_2020,6,control_PBS,experimental,24.525,0.49565696,EYE6_target_curve_before_after_CXL.xlsx
PORCINE_DRYAD_2020,6,control_PBS,experimental,27.25,0.49595696,EYE6_target_curve_before_after_CXL.xlsx
PORCINE_DRYAD_2020,7,CXL,experimental,0,0,EYE7_target_cuve_before_after_CXL.xlsx
PORCINE_DRYAD_2020,7,CXL,experimental,2.725,0.037881,EYE7_target_cuve_before_after_CXL.xlsx
PORCINE_DRYAD_2020,7,CXL,experimental,5.45,0.14449356,EYE7_target_cuve_before_after_CXL.xlsx
PORCINE_DRYAD_2020,7,CXL,experimental,8.175,0.22474106,EYE7_target_cuve_before_after_CXL.xlsx
PORCINE_DRYAD_2020,7,CXL,experimental,10.9,0.25146963,EYE7_target_cuve_before_after_CXL.xlsx
PORCINE_DRYAD_2020,7,CXL,experimental,13.625,0.28001746,EYE7_target_cuve_before_after_CXL.xlsx
PORCINE_DRYAD_2020,7,CXL,experimental,16.35,0.28781746,EYE7_target_cuve_before_after_CXL.xlsx
PORCINE_DRYAD_2020,7,CXL,experimental,19.075,0.29439746,EYE7_target_cuve_before_after_CXL.xlsx
PORCINE_DRYAD_2020,7,CXL,experimental,21.8,0.29790246,EYE7_target_cuve_before_after_CXL.xlsx
PORCINE_DRYAD_2020,7,CXL,experimental,24.525,0.30130746,EYE7_target_cuve_before_after_CXL.xlsx
PORCINE_DRYAD_2020,7,CXL,experimental,27.25,0.30548746,EYE7_target_cuve_before_after_CXL.xlsx
PORCINE_DRYAD_2020,7,CXL,source_FE_simulation,0,0,EYE7_target_cuve_before_after_CXL.xlsx
PORCINE_DRYAD_2020,7,CXL,source_FE_simulation,0.03300264,0.00105953,EYE7_target_cuve_before_after_CXL.xlsx
PORCINE_DRYAD_2020,7,CXL,source_FE_simulation,0.06600528,0.00211906,EYE7_target_cuve_before_after_CXL.xlsx
PORCINE_DRYAD_2020,7,CXL,source_FE_simulation,0.11550924,0.0037117,EYE7_target_cuve_before_after_CXL.xlsx
PORCINE_DRYAD_2020,7,CXL,source_FE_simulation,0.18969017,0.00610542,EYE7_target_cuve_before_after_CXL.xlsx
PORCINE_DRYAD_2020,7,CXL,source_FE_simulation,0.30107408,0.00970554,EYE7_target_cuve_before_after_CXL.xlsx
PORCINE_DRYAD_2020,7,CXL,source_FE_simulation,0.46811245,0.01512051,EYE7_target_cuve_before_after_CXL.xlsx
PORCINE_DRYAD_2020,7,CXL,source_FE_simulation,0.71863249,0.02326107,EYE7_target_cuve_before_after_CXL.xlsx
PORCINE_DRYAD_2020,7,CXL,source_FE_simulation,1.0944125,0.03545475,EYE7_target_cuve_before_after_CXL.xlsx
PORCINE_DRYAD_2020,7,CXL,source_FE_simulation,1.6581576,0.0535059,EYE7_target_cuve_before_after_CXL.xlsx
PORCINE_DRYAD_2020,7,CXL,source_FE_simulation,2.5037003,0.07943535,EYE7_target_cuve_before_after_CXL.xlsx
PORCINE_DRYAD_2020,7,CXL,source_FE_simulation,3.7720517,0.11435413,EYE7_target_cuve_before_after_CXL.xlsx
PORCINE_DRYAD_2020,7,CXL,source_FE_simulation,5.6745789,0.15676022,EYE7_target_cuve_before_after_CXL.xlsx
PORCINE_DRYAD_2020,7,CXL,source_FE_simulation,8.5284072,0.20289803,EYE7_target_cuve_before_after_CXL.xlsx
PORCINE_DRYAD_2020,7,CXL,source_FE_simulation,11.827696,0.24045467,EYE7_target_cuve_before_after_CXL.xlsx
PORCINE_DRYAD_2020,7,CXL,source_FE_simulation,15.126985,0.26840782,EYE7_target_cuve_before_after_CXL.xlsx
PORCINE_DRYAD_2020,7,CXL,source_FE_simulation,18.426274,0.2905302,EYE7_target_cuve_before_after_CXL.xlsx
PORCINE_DRYAD_2020,7,CXL,source_FE_simulation,21.725563,0.30878067,EYE7_target_cuve_before_after_CXL.xlsx
PORCINE_DRYAD_2020,7,CXL,source_FE_simulation,25.024777,0.32428837,EYE7_target_cuve_before_after_CXL.xlsx
PORCINE_DRYAD_2020,7,CXL,source_FE_simulation,28.324066,0.33775616,EYE7_target_cuve_before_after_CXL.xlsx
PORCINE_DRYAD_2020,7,CXL,source_FE_simulation,31.623355,0.34966183,EYE7_target_cuve_before_after_CXL.xlsx
PORCINE_DRYAD_2020,7,CXL,source_FE_simulation,32.992814,0.35420609,EYE7_target_cuve_before_after_CXL.xlsx
PORCINE_DRYAD_2020,7,control_PBS,experimental,0,0,EYE7_target_cuve_before_after_CXL.xlsx
PORCINE_DRYAD_2020,7,control_PBS,experimental,2.725,0.10774286,EYE7_target_cuve_before_after_CXL.xlsx
PORCINE_DRYAD_2020,7,control_PBS,experimental,5.45,0.29801952,EYE7_target_cuve_before_after_CXL.xlsx
PORCINE_DRYAD_2020,7,control_PBS,experimental,8.175,0.37214282,EYE7_target_cuve_before_after_CXL.xlsx
PORCINE_DRYAD_2020,7,control_PBS,experimental,10.9,0.40306282,EYE7_target_cuve_before_after_CXL.xlsx
PORCINE_DRYAD_2020,7,control_PBS,experimental,13.625,0.42434282,EYE7_target_cuve_before_after_CXL.xlsx
PORCINE_DRYAD_2020,7,control_PBS,experimental,16.35,0.43990282,EYE7_target_cuve_before_after_CXL.xlsx
PORCINE_DRYAD_2020,7,control_PBS,experimental,19.075,0.45002616,EYE7_target_cuve_before_after_CXL.xlsx
PORCINE_DRYAD_2020,7,control_PBS,experimental,21.8,0.45878616,EYE7_target_cuve_before_after_CXL.xlsx
PORCINE_DRYAD_2020,7,control_PBS,experimental,24.525,0.46611116,EYE7_target_cuve_before_after_CXL.xlsx
PORCINE_DRYAD_2020,7,control_PBS,experimental,27.25,0.47205449,EYE7_target_cuve_before_after_CXL.xlsx
PORCINE_DRYAD_2020,7,control_PBS,source_FE_simulation,0,0,EYE7_target_cuve_before_after_CXL.xlsx
PORCINE_DRYAD_2020,7,control_PBS,source_FE_simulation,0.03300264,0.00230598,EYE7_target_cuve_before_after_CXL.xlsx
PORCINE_DRYAD_2020,7,control_PBS,source_FE_simulation,0.06600528,0.00461483,EYE7_target_cuve_before_after_CXL.xlsx
PORCINE_DRYAD_2020,7,control_PBS,source_FE_simulation,0.11550924,0.00808334,EYE7_target_cuve_before_after_CXL.xlsx
PORCINE_DRYAD_2020,7,control_PBS,source_FE_simulation,0.18969017,0.01329517,EYE7_target_cuve_before_after_CXL.xlsx
PORCINE_DRYAD_2020,7,control_PBS,source_FE_simulation,0.30107408,0.02112579,EYE7_target_cuve_before_after_CXL.xlsx
PORCINE_DRYAD_2020,7,control_PBS,source_FE_simulation,0.46811245,0.03287029,EYE7_target_cuve_before_after_CXL.xlsx
PORCINE_DRYAD_2020,7,control_PBS,source_FE_simulation,0.71863249,0.05038643,EYE7_target_cuve_before_after_CXL.xlsx
PORCINE_DRYAD_2020,7,control_PBS,source_FE_simulation,1.0944125,0.07611465,EYE7_target_cuve_before_after_CXL.xlsx
PORCINE_DRYAD_2020,7,control_PBS,source_FE_simulation,1.6581576,0.11254406,EYE7_target_cuve_before_after_CXL.xlsx
PORCINE_DRYAD_2020,7,control_PBS,source_FE_simulation,2.5037003,0.16050529,EYE7_target_cuve_before_after_CXL.xlsx
PORCINE_DRYAD_2020,7,control_PBS,source_FE_simulation,3.7720517,0.21719456,EYE7_target_cuve_before_after_CXL.xlsx
PORCINE_DRYAD_2020,7,control_PBS,source_FE_simulation,5.6745789,0.27756786,EYE7_target_cuve_before_after_CXL.xlsx
PORCINE_DRYAD_2020,7,control_PBS,source_FE_simulation,8.5284072,0.33794498,EYE7_target_cuve_before_after_CXL.xlsx
PORCINE_DRYAD_2020,7,control_PBS,source_FE_simulation,11.827696,0.38548088,EYE7_target_cuve_before_after_CXL.xlsx
PORCINE_DRYAD_2020,7,control_PBS,source_FE_simulation,15.126985,0.42055225,EYE7_target_cuve_before_after_CXL.xlsx
PORCINE_DRYAD_2020,7,control_PBS,source_FE_simulation,18.426274,0.44827271,EYE7_target_cuve_before_after_CXL.xlsx
PORCINE_DRYAD_2020,7,control_PBS,source_FE_simulation,21.725563,0.47115421,EYE7_target_cuve_before_after_CXL.xlsx
PORCINE_DRYAD_2020,7,control_PBS,source_FE_simulation,25.024777,0.49061584,EYE7_target_cuve_before_after_CXL.xlsx
PORCINE_DRYAD_2020,7,control_PBS,source_FE_simulation,28.324066,0.50753689,EYE7_target_cuve_before_after_CXL.xlsx
PORCINE_DRYAD_2020,7,control_PBS,source_FE_simulation,31.623355,0.52251244,EYE7_target_cuve_before_after_CXL.xlsx
PORCINE_DRYAD_2020,7,control_PBS,source_FE_simulation,32.992814,0.52823162,EYE7_target_cuve_before_after_CXL.xlsx
