source_id,cycle,age_year,strain,stress_mpa,tangent_modulus_mpa,coefficient_a_mpa,coefficient_b
AGE_INFLATION_2010,first_loading,40,0,0,0.091597824,0.0009939,92.16
AGE_INFLATION_2010,first_loading,40,0.0005,4.6870515e-05,0.095917411,0.0009939,92.16
AGE_INFLATION_2010,first_loading,40,0.001,9.5951359e-05,0.1004407,0.0009939,92.16
AGE_INFLATION_2010,first_loading,40,0.0015,0.00014734677,0.1051773,0.0009939,92.16
AGE_INFLATION_2010,first_loading,40,0.002,0.00020116589,0.11013727,0.0009939,92.16
AGE_INFLATION_2010,first_loading,40,0.0025,0.00025752302,0.11533115,0.0009939,92.16
AGE_INFLATION_2010,first_loading,40,0.003,0.00031653785,0.12076995,0.0009939,92.16
AGE_INFLATION_2010,first_loading,40,0.0035,0.00037833572,0.12646524,0.0009939,92.16
AGE_INFLATION_2010,first_loading,40,0.004,0.00044304785,0.13242911,0.0009939,92.16
AGE_INFLATION_2010,first_loading,40,0.0045,0.0005108117,0.13867423,0.0009939,92.16
AGE_INFLATION_2010,first_loading,40,0.005,0.00058177117,0.14521385,0.0009939,92.16
AGE_INFLATION_2010,first_loading,40,0.0055,0.00065607695,0.15206188,0.0009939,92.16
AGE_INFLATION_2010,first_loading,40,0.006,0.00073388686,0.15923284,0.0009939,92.16
AGE_INFLATION_2010,first_loading,40,0.0065,0.00081536615,0.16674197,0.0009939,92.16
AGE_INFLATION_2010,first_loading,40,0.007,0.00090068785,0.17460522,0.0009939,92.16
AGE_INFLATION_2010,first_loading,40,0.0075,0.00099003316,0.18283928,0.0009939,92.16
AGE_INFLATION_2010,first_loading,40,0.008,0.0010835918,0.19146165,0.0009939,92.16
AGE_INFLATION_2010,first_loading,40,0.0085,0.0011815626,0.20049063,0.0009939,92.16
AGE_INFLATION_2010,first_loading,40,0.009,0.0012841534,0.2099454,0.0009939,92.16
AGE_INFLATION_2010,first_loading,40,0.0095,0.0013915823,0.21984605,0.0009939,92.16
AGE_INFLATION_2010,first_loading,40,0.01,0.0015040773,0.23021359,0.0009939,92.16
AGE_INFLATION_2010,first_loading,40,0.0105,0.0016218773,0.24107004,0.0009939,92.16
AGE_INFLATION_2010,first_loading,40,0.011,0.0017452326,0.25243846,0.0009939,92.16
AGE_INFLATION_2010,first_loading,40,0.0115,0.0018744052,0.264343,0.0009939,92.16
AGE_INFLATION_2010,first_loading,40,0.012,0.0020096692,0.27680894,0.0009939,92.16
AGE_INFLATION_2010,first_loading,40,0.0125,0.0021513121,0.28986274,0.0009939,92.16
AGE_INFLATION_2010,first_loading,40,0.013,0.0022996345,0.30353214,0.0009939,92.16
AGE_INFLATION_2010,first_loading,40,0.0135,0.0024549516,0.31784617,0.0009939,92.16
AGE_INFLATION_2010,first_loading,40,0.014,0.0026175932,0.33283521,0.0009939,92.16
AGE_INFLATION_2010,first_loading,40,0.0145,0.0027879047,0.34853112,0.0009939,92.16
AGE_INFLATION_2010,first_loading,40,0.015,0.0029662477,0.36496721,0.0009939,92.16
AGE_INFLATION_2010,first_loading,40,0.0155,0.003153001,0.3821784,0.0009939,92.16
AGE_INFLATION_2010,first_loading,40,0.016,0.0033485614,0.40020124,0.0009939,92.16
AGE_INFLATION_2010,first_loading,40,0.0165,0.0035533439,0.419074,0.0009939,92.16
AGE_INFLATION_2010,first_loading,40,0.017,0.0037677837,0.43883677,0.0009939,92.16
AGE_INFLATION_2010,first_loading,40,0.0175,0.003992336,0.45953151,0.0009939,92.16
AGE_INFLATION_2010,first_loading,40,0.018,0.0042274778,0.48120218,0.0009939,92.16
AGE_INFLATION_2010,first_loading,40,0.0185,0.0044737085,0.5038948,0.0009939,92.16
AGE_INFLATION_2010,first_loading,40,0.019,0.004731551,0.52765756,0.0009939,92.16
AGE_INFLATION_2010,first_loading,40,0.0195,0.0050015528,0.55254093,0.0009939,92.16
AGE_INFLATION_2010,first_loading,40,0.02,0.0052842875,0.57859776,0.0009939,92.16
AGE_INFLATION_2010,first_loading,40,0.0205,0.0055803554,0.60588337,0.0009939,92.16
AGE_INFLATION_2010,first_loading,40,0.021,0.0058903853,0.63445573,0.0009939,92.16
AGE_INFLATION_2010,first_loading,40,0.0215,0.0062150356,0.66437551,0.0009939,92.16
AGE_INFLATION_2010,first_loading,40,0.022,0.0065549959,0.69570625,0.0009939,92.16
AGE_INFLATION_2010,first_loading,40,0.0225,0.0069109881,0.72851449,0.0009939,92.16
AGE_INFLATION_2010,first_loading,40,0.023,0.0072837683,0.76286991,0.0009939,92.16
AGE_INFLATION_2010,first_loading,40,0.0235,0.007674128,0.79884546,0.0009939,92.16
AGE_INFLATION_2010,first_loading,40,0.024,0.0080828965,0.83651756,0.0009939,92.16
AGE_INFLATION_2010,first_loading,40,0.0245,0.0085109417,0.87596621,0.0009939,92.16
AGE_INFLATION_2010,first_loading,40,0.025,0.0089591727,0.91727518,0.0009939,92.16
AGE_INFLATION_2010,first_loading,40,0.0255,0.0094285415,0.96053221,0.0009939,92.16
AGE_INFLATION_2010,first_loading,40,0.026,0.0099200449,1.0058292,0.0009939,92.16
AGE_INFLATION_2010,first_loading,40,0.0265,0.010434727,1.0532622,0.0009939,92.16
AGE_INFLATION_2010,first_loading,40,0.027,0.01097368,1.1029322,0.0009939,92.16
AGE_INFLATION_2010,first_loading,40,0.0275,0.011538049,1.1549444,0.0009939,92.16
AGE_INFLATION_2010,first_loading,40,0.028,0.012129033,1.2094095,0.0009939,92.16
AGE_INFLATION_2010,first_loading,40,0.0285,0.012747887,1.2664431,0.0009939,92.16
AGE_INFLATION_2010,first_loading,40,0.029,0.013395924,1.3261662,0.0009939,92.16
AGE_INFLATION_2010,first_loading,40,0.0295,0.014074522,1.3887058,0.0009939,92.16
AGE_INFLATION_2010,first_loading,40,0.03,0.014785122,1.4541946,0.0009939,92.16
AGE_INFLATION_2010,first_loading,50,0,0,0.11122072,0.0012142,91.6
AGE_INFLATION_2010,first_loading,50,0.0005,5.6903504e-05,0.11643308,0.0012142,91.6
AGE_INFLATION_2010,first_loading,50,0.001,0.00011647379,0.12188972,0.0012142,91.6
AGE_INFLATION_2010,first_loading,50,0.0015,0.00017883584,0.12760208,0.0012142,91.6
AGE_INFLATION_2010,first_loading,50,0.002,0.00024412049,0.13358216,0.0012142,91.6
AGE_INFLATION_2010,first_loading,50,0.0025,0.0003124647,0.13984249,0.0012142,91.6
AGE_INFLATION_2010,first_loading,50,0.003,0.00038401187,0.14639621,0.0012142,91.6
AGE_INFLATION_2010,first_loading,50,0.0035,0.0004589121,0.15325707,0.0012142,91.6
AGE_INFLATION_2010,first_loading,50,0.004,0.00053732252,0.16043946,0.0012142,91.6
AGE_INFLATION_2010,first_loading,50,0.0045,0.00061940766,0.16795846,0.0012142,91.6
AGE_INFLATION_2010,first_loading,50,0.005,0.00070533971,0.17582984,0.0012142,91.6
AGE_INFLATION_2010,first_loading,50,0.0055,0.00079529897,0.18407011,0.0012142,91.6
AGE_INFLATION_2010,first_loading,50,0.006,0.00088947418,0.19269655,0.0012142,91.6
AGE_INFLATION_2010,first_loading,50,0.0065,0.0009880629,0.20172728,0.0012142,91.6
AGE_INFLATION_2010,first_loading,50,0.007,0.001091272,0.21118123,0.0012142,91.6
AGE_INFLATION_2010,first_loading,50,0.0075,0.001199318,0.22107825,0.0012142,91.6
AGE_INFLATION_2010,first_loading,50,0.008,0.0013124275,0.23143908,0.0012142,91.6
AGE_INFLATION_2010,first_loading,50,0.0085,0.001430838,0.24228548,0.0012142,91.6
AGE_INFLATION_2010,first_loading,50,0.009,0.0015547977,0.25364019,0.0012142,91.6
AGE_INFLATION_2010,first_loading,50,0.0095,0.0016845669,0.26552704,0.0012142,91.6
AGE_INFLATION_2010,first_loading,50,0.01,0.0018204176,0.27797097,0.0012142,91.6
AGE_INFLATION_2010,first_loading,50,0.0105,0.001962635,0.29099809,0.0012142,91.6
AGE_INFLATION_2010,first_loading,50,0.011,0.0021115174,0.30463572,0.0012142,91.6
AGE_INFLATION_2010,first_loading,50,0.0115,0.0022673772,0.31891248,0.0012142,91.6
AGE_INFLATION_2010,first_loading,50,0.012,0.0024305414,0.33385831,0.0012142,91.6
AGE_INFLATION_2010,first_loading,50,0.0125,0.0026013523,0.34950459,0.0012142,91.6
AGE_INFLATION_2010,first_loading,50,0.013,0.0027801682,0.36588413,0.0012142,91.6
AGE_INFLATION_2010,first_loading,50,0.0135,0.0029673644,0.38303129,0.0012142,91.6
AGE_INFLATION_2010,first_loading,50,0.014,0.0031633334,0.40098206,0.0012142,91.6
AGE_INFLATION_2010,first_loading,50,0.0145,0.0033684866,0.41977409,0.0012142,91.6
AGE_INFLATION_2010,first_loading,50,0.015,0.0035832543,0.43944681,0.0012142,91.6
AGE_INFLATION_2010,first_loading,50,0.0155,0.0038080871,0.4600415,0.0012142,91.6
AGE_INFLATION_2010,first_loading,50,0.016,0.0040434567,0.48160135,0.0012142,91.6
AGE_INFLATION_2010,first_loading,50,0.0165,0.0042898568,0.5041716,0.0012142,91.6
AGE_INFLATION_2010,first_loading,50,0.017,0.0045478045,0.52779962,0.0012142,91.6
AGE_INFLATION_2010,first_loading,50,0.0175,0.004817841,0.55253495,0.0012142,91.6
AGE_INFLATION_2010,first_loading,50,0.018,0.0051005327,0.57842951,0.0012142,91.6
AGE_INFLATION_2010,first_loading,50,0.0185,0.0053964727,0.60553762,0.0012142,91.6
AGE_INFLATION_2010,first_loading,50,0.019,0.005706282,0.63391615,0.0012142,91.6
AGE_INFLATION_2010,first_loading,50,0.0195,0.0060306105,0.66362464,0.0012142,91.6
AGE_INFLATION_2010,first_loading,50,0.02,0.0063701387,0.69472542,0.0012142,91.6
AGE_INFLATION_2010,first_loading,50,0.0205,0.0067255789,0.72728374,0.0012142,91.6
AGE_INFLATION_2010,first_loading,50,0.021,0.0070976767,0.76136791,0.0012142,91.6
AGE_INFLATION_2010,first_loading,50,0.0215,0.007487213,0.79704943,0.0012142,91.6
AGE_INFLATION_2010,first_loading,50,0.022,0.0078950048,0.83440316,0.0012142,91.6
AGE_INFLATION_2010,first_loading,50,0.0225,0.0083219079,0.87350748,0.0012142,91.6
AGE_INFLATION_2010,first_loading,50,0.023,0.0087688177,0.91444443,0.0012142,91.6
AGE_INFLATION_2010,first_loading,50,0.0235,0.009236672,0.95729988,0.0012142,91.6
AGE_INFLATION_2010,first_loading,50,0.024,0.0097264523,1.0021638,0.0012142,91.6
AGE_INFLATION_2010,first_loading,50,0.0245,0.010239186,1.0491302,0.0012142,91.6
AGE_INFLATION_2010,first_loading,50,0.025,0.010775949,1.0982977,0.0012142,91.6
AGE_INFLATION_2010,first_loading,50,0.0255,0.011337868,1.1497694,0.0012142,91.6
AGE_INFLATION_2010,first_loading,50,0.026,0.011926121,1.2036534,0.0012142,91.6
AGE_INFLATION_2010,first_loading,50,0.0265,0.012541942,1.2600626,0.0012142,91.6
AGE_INFLATION_2010,first_loading,50,0.027,0.013186624,1.3191155,0.0012142,91.6
AGE_INFLATION_2010,first_loading,50,0.0275,0.013861519,1.3809358,0.0012142,91.6
AGE_INFLATION_2010,first_loading,50,0.028,0.014568043,1.4456534,0.0012142,91.6
AGE_INFLATION_2010,first_loading,50,0.0285,0.015307678,1.513404,0.0012142,91.6
AGE_INFLATION_2010,first_loading,50,0.029,0.016081976,1.5843297,0.0012142,91.6
AGE_INFLATION_2010,first_loading,50,0.0295,0.016892561,1.6585793,0.0012142,91.6
AGE_INFLATION_2010,first_loading,50,0.03,0.017741135,1.7363087,0.0012142,91.6
AGE_INFLATION_2010,first_loading,60,0,0,0.13042924,0.0014239,91.6
AGE_INFLATION_2010,first_loading,60,0.0005,6.6731098e-05,0.13654181,0.0014239,91.6
AGE_INFLATION_2010,first_loading,60,0.001,0.00013658955,0.14294084,0.0014239,91.6
AGE_INFLATION_2010,first_loading,60,0.0015,0.00020972192,0.14963977,0.0014239,91.6
AGE_INFLATION_2010,first_loading,60,0.002,0.00028628164,0.15665264,0.0014239,91.6
AGE_INFLATION_2010,first_loading,60,0.0025,0.00036642933,0.16399417,0.0014239,91.6
AGE_INFLATION_2010,first_loading,60,0.003,0.00045033314,0.17167976,0.0014239,91.6
AGE_INFLATION_2010,first_loading,60,0.0035,0.00053816911,0.17972553,0.0014239,91.6
AGE_INFLATION_2010,first_loading,60,0.004,0.00063012151,0.18814837,0.0014239,91.6
AGE_INFLATION_2010,first_loading,60,0.0045,0.00072638327,0.19696595,0.0014239,91.6
AGE_INFLATION_2010,first_loading,60,0.005,0.00082715633,0.20619676,0.0014239,91.6
AGE_INFLATION_2010,first_loading,60,0.0055,0.00093265212,0.21586017,0.0014239,91.6
AGE_INFLATION_2010,first_loading,60,0.006,0.001043092,0.22597647,0.0014239,91.6
AGE_INFLATION_2010,first_loading,60,0.0065,0.0011587076,0.23656686,0.0014239,91.6
AGE_INFLATION_2010,first_loading,60,0.007,0.0012797415,0.24765357,0.0014239,91.6
AGE_INFLATION_2010,first_loading,60,0.0075,0.0014064478,0.25925985,0.0014239,91.6
AGE_INFLATION_2010,first_loading,60,0.008,0.0015390921,0.27141007,0.0014239,91.6
AGE_INFLATION_2010,first_loading,60,0.0085,0.0016779527,0.28412971,0.0014239,91.6
AGE_INFLATION_2010,first_loading,60,0.009,0.0018233211,0.29744545,0.0014239,91.6
AGE_INFLATION_2010,first_loading,60,0.0095,0.0019755022,0.31138524,0.0014239,91.6
AGE_INFLATION_2010,first_loading,60,0.01,0.0021348152,0.32597831,0.0014239,91.6
AGE_INFLATION_2010,first_loading,60,0.0105,0.0023015945,0.34125529,0.0014239,91.6
AGE_INFLATION_2010,first_loading,60,0.011,0.0024761898,0.35724823,0.0014239,91.6
AGE_INFLATION_2010,first_loading,60,0.0115,0.0026589676,0.37399067,0.0014239,91.6
AGE_INFLATION_2010,first_loading,60,0.012,0.0028503113,0.39151775,0.0014239,91.6
AGE_INFLATION_2010,first_loading,60,0.0125,0.0030506222,0.40986624,0.0014239,91.6
AGE_INFLATION_2010,first_loading,60,0.013,0.0032603208,0.42907463,0.0014239,91.6
AGE_INFLATION_2010,first_loading,60,0.0135,0.0034798469,0.44918322,0.0014239,91.6
AGE_INFLATION_2010,first_loading,60,0.014,0.0037096611,0.47023419,0.0014239,91.6
AGE_INFLATION_2010,first_loading,60,0.0145,0.0039502455,0.49227173,0.0014239,91.6
AGE_INFLATION_2010,first_loading,60,0.015,0.0042021049,0.51534205,0.0014239,91.6
AGE_INFLATION_2010,first_loading,60,0.0155,0.0044657677,0.53949357,0.0014239,91.6
AGE_INFLATION_2010,first_loading,60,0.016,0.0047417871,0.56477694,0.0014239,91.6
AGE_INFLATION_2010,first_loading,60,0.0165,0.0050307422,0.59124522,0.0014239,91.6
AGE_INFLATION_2010,first_loading,60,0.017,0.0053332391,0.61895394,0.0014239,91.6
AGE_INFLATION_2010,first_loading,60,0.0175,0.0056499125,0.64796123,0.0014239,91.6
AGE_INFLATION_2010,first_loading,60,0.018,0.0059814268,0.67832794,0.0014239,91.6
AGE_INFLATION_2010,first_loading,60,0.0185,0.0063284776,0.71011779,0.0014239,91.6
AGE_INFLATION_2010,first_loading,60,0.019,0.0066917929,0.74339747,0.0014239,91.6
AGE_INFLATION_2010,first_loading,60,0.0195,0.007072135,0.77823681,0.0014239,91.6
AGE_INFLATION_2010,first_loading,60,0.02,0.0074703018,0.81470889,0.0014239,91.6
AGE_INFLATION_2010,first_loading,60,0.0205,0.0078871288,0.85289023,0.0014239,91.6
AGE_INFLATION_2010,first_loading,60,0.021,0.0083234903,0.89286095,0.0014239,91.6
AGE_INFLATION_2010,first_loading,60,0.0215,0.0087803019,0.93470489,0.0014239,91.6
AGE_INFLATION_2010,first_loading,60,0.022,0.009258522,0.97850985,0.0014239,91.6
AGE_INFLATION_2010,first_loading,60,0.0225,0.0097591539,1.0243677,0.0014239,91.6
AGE_INFLATION_2010,first_loading,60,0.023,0.010283248,1.0723747,0.0014239,91.6
AGE_INFLATION_2010,first_loading,60,0.0235,0.010831904,1.1226316,0.0014239,91.6
AGE_INFLATION_2010,first_loading,60,0.024,0.011406272,1.1752438,0.0014239,91.6
AGE_INFLATION_2010,first_loading,60,0.0245,0.012007558,1.2303216,0.0014239,91.6
AGE_INFLATION_2010,first_loading,60,0.025,0.012637024,1.2879806,0.0014239,91.6
AGE_INFLATION_2010,first_loading,60,0.0255,0.013295989,1.3483419,0.0014239,91.6
AGE_INFLATION_2010,first_loading,60,0.026,0.013985837,1.4115319,0.0014239,91.6
AGE_INFLATION_2010,first_loading,60,0.0265,0.014708015,1.4776834,0.0014239,91.6
AGE_INFLATION_2010,first_loading,60,0.027,0.015464037,1.546935,0.0014239,91.6
AGE_INFLATION_2010,first_loading,60,0.0275,0.016255491,1.6194322,0.0014239,91.6
AGE_INFLATION_2010,first_loading,60,0.028,0.017084035,1.6953269,0.0014239,91.6
AGE_INFLATION_2010,first_loading,60,0.0285,0.01795141,1.7747784,0.0014239,91.6
AGE_INFLATION_2010,first_loading,60,0.029,0.018859434,1.8579534,0.0014239,91.6
AGE_INFLATION_2010,first_loading,60,0.0295,0.019810013,1.9450265,0.0014239,91.6
AGE_INFLATION_2010,first_loading,60,0.03,0.020805141,2.0361802,0.0014239,91.6
AGE_INFLATION_2010,first_loading,70,0,0,0.14957568,0.001623,92.16
AGE_INFLATION_2010,first_loading,70,0.0005,7.6537727e-05,0.1566294,0.001623,92.16
AGE_INFLATION_2010,first_loading,70,0.001,0.00015668483,0.16401575,0.001623,92.16
AGE_INFLATION_2010,first_loading,70,0.0015,0.00024061153,0.17175044,0.001623,92.16
AGE_INFLATION_2010,first_loading,70,0.002,0.00032849606,0.17984988,0.001623,92.16
AGE_INFLATION_2010,first_loading,70,0.0025,0.00042052506,0.18833127,0.001623,92.16
AGE_INFLATION_2010,first_loading,70,0.003,0.00051689399,0.19721263,0.001623,92.16
AGE_INFLATION_2010,first_loading,70,0.0035,0.00061780749,0.20651282,0.001623,92.16
AGE_INFLATION_2010,first_loading,70,0.004,0.0007234799,0.21625159,0.001623,92.16
AGE_INFLATION_2010,first_loading,70,0.0045,0.00083413562,0.22644962,0.001623,92.16
AGE_INFLATION_2010,first_loading,70,0.005,0.00095000966,0.23712857,0.001623,92.16
AGE_INFLATION_2010,first_loading,70,0.0055,0.0010713481,0.24831112,0.001623,92.16
AGE_INFLATION_2010,first_loading,70,0.006,0.0011984087,0.26002102,0.001623,92.16
AGE_INFLATION_2010,first_loading,70,0.0065,0.0013314612,0.27228314,0.001623,92.16
AGE_INFLATION_2010,first_loading,70,0.007,0.0014707882,0.28512352,0.001623,92.16
AGE_INFLATION_2010,first_loading,70,0.0075,0.0016166856,0.29856943,0.001623,92.16
AGE_INFLATION_2010,first_loading,70,0.008,0.0017694633,0.31264942,0.001623,92.16
AGE_INFLATION_2010,first_loading,70,0.0085,0.0019294457,0.32739339,0.001623,92.16
AGE_INFLATION_2010,first_loading,70,0.009,0.0020969725,0.34283267,0.001623,92.16
AGE_INFLATION_2010,first_loading,70,0.0095,0.0022723997,0.35900003,0.001623,92.16
AGE_INFLATION_2010,first_loading,70,0.01,0.0024560996,0.37592982,0.001623,92.16
AGE_INFLATION_2010,first_loading,70,0.0105,0.0026484626,0.39365799,0.001623,92.16
AGE_INFLATION_2010,first_loading,70,0.011,0.002849897,0.41222218,0.001623,92.16
AGE_INFLATION_2010,first_loading,70,0.0115,0.0030608306,0.43166183,0.001623,92.16
AGE_INFLATION_2010,first_loading,70,0.012,0.0032817116,0.45201822,0.001623,92.16
AGE_INFLATION_2010,first_loading,70,0.0125,0.0035130088,0.47333458,0.001623,92.16
AGE_INFLATION_2010,first_loading,70,0.013,0.0037552137,0.49565617,0.001623,92.16
AGE_INFLATION_2010,first_loading,70,0.0135,0.0040088404,0.51903042,0.001623,92.16
AGE_INFLATION_2010,first_loading,70,0.014,0.0042744278,0.54350695,0.001623,92.16
AGE_INFLATION_2010,first_loading,70,0.0145,0.0045525398,0.56913774,0.001623,92.16
AGE_INFLATION_2010,first_loading,70,0.015,0.004843767,0.59597724,0.001623,92.16
AGE_INFLATION_2010,first_loading,70,0.0155,0.0051487279,0.62408245,0.001623,92.16
AGE_INFLATION_2010,first_loading,70,0.016,0.0054680703,0.65351304,0.001623,92.16
AGE_INFLATION_2010,first_loading,70,0.0165,0.0058024723,0.68433152,0.001623,92.16
AGE_INFLATION_2010,first_loading,70,0.017,0.006152644,0.71660335,0.001623,92.16
AGE_INFLATION_2010,first_loading,70,0.0175,0.0065193293,0.75039706,0.001623,92.16
AGE_INFLATION_2010,first_loading,70,0.018,0.0069033067,0.78578442,0.001623,92.16
AGE_INFLATION_2010,first_loading,70,0.0185,0.0073053918,0.82284059,0.001623,92.16
AGE_INFLATION_2010,first_loading,70,0.019,0.0077264385,0.86164425,0.001623,92.16
AGE_INFLATION_2010,first_loading,70,0.0195,0.008167341,0.90227783,0.001623,92.16
AGE_INFLATION_2010,first_loading,70,0.02,0.0086290357,0.94482761,0.001623,92.16
AGE_INFLATION_2010,first_loading,70,0.0205,0.009112503,0.98938396,0.001623,92.16
AGE_INFLATION_2010,first_loading,70,0.021,0.0096187698,1.0360415,0.001623,92.16
AGE_INFLATION_2010,first_loading,70,0.0215,0.010148911,1.0848993,0.001623,92.16
AGE_INFLATION_2010,first_loading,70,0.022,0.010704053,1.1360612,0.001623,92.16
AGE_INFLATION_2010,first_loading,70,0.0225,0.011285375,1.1896358,0.001623,92.16
AGE_INFLATION_2010,first_loading,70,0.023,0.01189411,1.2457369,0.001623,92.16
AGE_INFLATION_2010,first_loading,70,0.0235,0.012531552,1.3044835,0.001623,92.16
AGE_INFLATION_2010,first_loading,70,0.024,0.013199055,1.3660006,0.001623,92.16
AGE_INFLATION_2010,first_loading,70,0.0245,0.013898036,1.4304187,0.001623,92.16
AGE_INFLATION_2010,first_loading,70,0.025,0.01462998,1.4978747,0.001623,92.16
AGE_INFLATION_2010,first_loading,70,0.0255,0.015396441,1.5685117,0.001623,92.16
AGE_INFLATION_2010,first_loading,70,0.026,0.016199047,1.6424799,0.001623,92.16
AGE_INFLATION_2010,first_loading,70,0.0265,0.017039502,1.7199362,0.001623,92.16
AGE_INFLATION_2010,first_loading,70,0.027,0.017919592,1.8010453,0.001623,92.16
AGE_INFLATION_2010,first_loading,70,0.0275,0.018841185,1.8859793,0.001623,92.16
AGE_INFLATION_2010,first_loading,70,0.028,0.019806239,1.9749186,0.001623,92.16
AGE_INFLATION_2010,first_loading,70,0.0285,0.020816803,2.0680522,0.001623,92.16
AGE_INFLATION_2010,first_loading,70,0.029,0.021875023,2.1655778,0.001623,92.16
AGE_INFLATION_2010,first_loading,70,0.0295,0.022983147,2.2677025,0.001623,92.16
AGE_INFLATION_2010,first_loading,70,0.03,0.024143528,2.3746432,0.001623,92.16
AGE_INFLATION_2010,first_loading,80,0,0,0.16897672,0.0018115,93.28
AGE_INFLATION_2010,first_loading,80,0.0005,8.648962e-05,0.17704447,0.0018115,93.28
AGE_INFLATION_2010,first_loading,80,0.001,0.00017710867,0.18549742,0.0018115,93.28
AGE_INFLATION_2010,first_loading,80,0.0015,0.0002720543,0.19435394,0.0018115,93.28
AGE_INFLATION_2010,first_loading,80,0.002,0.00037153308,0.20363333,0.0018115,93.28
AGE_INFLATION_2010,first_loading,80,0.0025,0.00047576146,0.21335575,0.0018115,93.28
AGE_INFLATION_2010,first_loading,80,0.003,0.00058496619,0.22354237,0.0018115,93.28
AGE_INFLATION_2010,first_loading,80,0.0035,0.00069938488,0.23421534,0.0018115,93.28
AGE_INFLATION_2010,first_loading,80,0.004,0.00081926645,0.24539789,0.0018115,93.28
AGE_INFLATION_2010,first_loading,80,0.0045,0.00094487175,0.25711436,0.0018115,93.28
AGE_INFLATION_2010,first_loading,80,0.005,0.001076474,0.26939022,0.0018115,93.28
AGE_INFLATION_2010,first_loading,80,0.0055,0.0012143596,0.28225219,0.0018115,93.28
AGE_INFLATION_2010,first_loading,80,0.006,0.0013588286,0.29572825,0.0018115,93.28
AGE_INFLATION_2010,first_loading,80,0.0065,0.0015101951,0.30984772,0.0018115,93.28
AGE_INFLATION_2010,first_loading,80,0.007,0.0016687886,0.32464132,0.0018115,93.28
AGE_INFLATION_2010,first_loading,80,0.0075,0.0018349542,0.34014124,0.0018115,93.28
AGE_INFLATION_2010,first_loading,80,0.008,0.0020090532,0.3563812,0.0018115,93.28
AGE_INFLATION_2010,first_loading,80,0.0085,0.0021914646,0.37339654,0.0018115,93.28
AGE_INFLATION_2010,first_loading,80,0.009,0.0023825851,0.39122426,0.0018115,93.28
AGE_INFLATION_2010,first_loading,80,0.0095,0.0025828307,0.40990317,0.0018115,93.28
AGE_INFLATION_2010,first_loading,80,0.01,0.0027926369,0.42947389,0.0018115,93.28
AGE_INFLATION_2010,first_loading,80,0.0105,0.0030124603,0.44997902,0.0018115,93.28
AGE_INFLATION_2010,first_loading,80,0.011,0.0032427791,0.47146315,0.0018115,93.28
AGE_INFLATION_2010,first_loading,80,0.0115,0.0034840944,0.49397305,0.0018115,93.28
AGE_INFLATION_2010,first_loading,80,0.012,0.0037369313,0.51755767,0.0018115,93.28
AGE_INFLATION_2010,first_loading,80,0.0125,0.0040018397,0.54226833,0.0018115,93.28
AGE_INFLATION_2010,first_loading,80,0.013,0.0042793962,0.5681588,0.0018115,93.28
AGE_INFLATION_2010,first_loading,80,0.0135,0.0045702045,0.5952854,0.0018115,93.28
AGE_INFLATION_2010,first_loading,80,0.014,0.0048748975,0.62370715,0.0018115,93.28
AGE_INFLATION_2010,first_loading,80,0.0145,0.0051941378,0.6534859,0.0018115,93.28
AGE_INFLATION_2010,first_loading,80,0.015,0.0055286203,0.68468642,0.0018115,93.28
AGE_INFLATION_2010,first_loading,80,0.0155,0.0058790725,0.71737661,0.0018115,93.28
AGE_INFLATION_2010,first_loading,80,0.016,0.006246257,0.75162757,0.0018115,93.28
AGE_INFLATION_2010,first_loading,80,0.0165,0.0066309726,0.78751385,0.0018115,93.28
AGE_INFLATION_2010,first_loading,80,0.017,0.0070340564,0.8251135,0.0018115,93.28
AGE_INFLATION_2010,first_loading,80,0.0175,0.0074563853,0.86450834,0.0018115,93.28
AGE_INFLATION_2010,first_loading,80,0.018,0.0078988782,0.90578408,0.0018115,93.28
AGE_INFLATION_2010,first_loading,80,0.0185,0.0083624978,0.94903052,0.0018115,93.28
AGE_INFLATION_2010,first_loading,80,0.019,0.0088482528,0.99434174,0.0018115,93.28
AGE_INFLATION_2010,first_loading,80,0.0195,0.0093572001,1.0418163,0.0018115,93.28
AGE_INFLATION_2010,first_loading,80,0.02,0.0098904469,1.0915576,0.0018115,93.28
AGE_INFLATION_2010,first_loading,80,0.0205,0.010449153,1.1436738,0.0018115,93.28
AGE_INFLATION_2010,first_loading,80,0.021,0.011034535,1.1982782,0.0018115,93.28
AGE_INFLATION_2010,first_loading,80,0.0215,0.011647866,1.2554897,0.0018115,93.28
AGE_INFLATION_2010,first_loading,80,0.022,0.01229048,1.3154327,0.0018115,93.28
AGE_INFLATION_2010,first_loading,80,0.0225,0.012963776,1.3782377,0.0018115,93.28
AGE_INFLATION_2010,first_loading,80,0.023,0.013669218,1.4440413,0.0018115,93.28
AGE_INFLATION_2010,first_loading,80,0.0235,0.014408341,1.5129867,0.0018115,93.28
AGE_INFLATION_2010,first_loading,80,0.024,0.015182753,1.5852239,0.0018115,93.28
AGE_INFLATION_2010,first_loading,80,0.0245,0.015994139,1.66091,0.0018115,93.28
AGE_INFLATION_2010,first_loading,80,0.025,0.016844265,1.7402098,0.0018115,93.28
AGE_INFLATION_2010,first_loading,80,0.0255,0.01773498,1.8232957,0.0018115,93.28
AGE_INFLATION_2010,first_loading,80,0.026,0.018668222,1.9103485,0.0018115,93.28
AGE_INFLATION_2010,first_loading,80,0.0265,0.019646021,2.0015576,0.0018115,93.28
AGE_INFLATION_2010,first_loading,80,0.027,0.020670505,2.0971215,0.0018115,93.28
AGE_INFLATION_2010,first_loading,80,0.0275,0.021743903,2.197248,0.0018115,93.28
AGE_INFLATION_2010,first_loading,80,0.028,0.02286855,2.3021551,0.0018115,93.28
AGE_INFLATION_2010,first_loading,80,0.0285,0.024046893,2.4120709,0.0018115,93.28
AGE_INFLATION_2010,first_loading,80,0.029,0.025281496,2.5272346,0.0018115,93.28
AGE_INFLATION_2010,first_loading,80,0.0295,0.026575044,2.6478968,0.0018115,93.28
AGE_INFLATION_2010,first_loading,80,0.03,0.027930353,2.77432,0.0018115,93.28
AGE_INFLATION_2010,first_loading,90,0,0,0.18891342,0.0019894,94.96
AGE_INFLATION_2010,first_loading,90,0.0005,9.6735029e-05,0.19809938,0.0019894,94.96
AGE_INFLATION_2010,first_loading,90,0.001,0.00019817382,0.20773201,0.0019894,94.96
AGE_INFLATION_2010,first_loading,90,0.0015,0.0003045451,0.21783303,0.0019894,94.96
AGE_INFLATION_2010,first_loading,90,0.002,0.0004160887,0.22842521,0.0019894,94.96
AGE_INFLATION_2010,first_loading,90,0.0025,0.00053305614,0.23953244,0.0019894,94.96
AGE_INFLATION_2010,first_loading,90,0.003,0.00065571115,0.25117975,0.0019894,94.96
AGE_INFLATION_2010,first_loading,90,0.0035,0.00078433028,0.26339343,0.0019894,94.96
AGE_INFLATION_2010,first_loading,90,0.004,0.00091920355,0.27620099,0.0019894,94.96
AGE_INFLATION_2010,first_loading,90,0.0045,0.0010606351,0.28963133,0.0019894,94.96
AGE_INFLATION_2010,first_loading,90,0.005,0.0012089437,0.30371472,0.0019894,94.96
AGE_INFLATION_2010,first_loading,90,0.0055,0.0013644639,0.31848292,0.0019894,94.96
AGE_INFLATION_2010,first_loading,90,0.006,0.0015275463,0.33396922,0.0019894,94.96
AGE_INFLATION_2010,first_loading,90,0.0065,0.0016985586,0.35020855,0.0019894,94.96
AGE_INFLATION_2010,first_loading,90,0.007,0.0018778865,0.36723752,0.0019894,94.96
AGE_INFLATION_2010,first_loading,90,0.0075,0.0020659341,0.38509453,0.0019894,94.96
AGE_INFLATION_2010,first_loading,90,0.008,0.0022631257,0.40381984,0.0019894,94.96
AGE_INFLATION_2010,first_loading,90,0.0085,0.0024699057,0.42345567,0.0019894,94.96
AGE_INFLATION_2010,first_loading,90,0.009,0.0026867405,0.4440463,0.0019894,94.96
AGE_INFLATION_2010,first_loading,90,0.0095,0.0029141189,0.46563815,0.0019894,94.96
AGE_INFLATION_2010,first_loading,90,0.01,0.0031525536,0.48827991,0.0019894,94.96
AGE_INFLATION_2010,first_loading,90,0.0105,0.0034025823,0.51202264,0.0019894,94.96
AGE_INFLATION_2010,first_loading,90,0.011,0.0036647686,0.53691985,0.0019894,94.96
AGE_INFLATION_2010,first_loading,90,0.0115,0.0039397039,0.5630277,0.0019894,94.96
AGE_INFLATION_2010,first_loading,90,0.012,0.0042280079,0.59040506,0.0019894,94.96
AGE_INFLATION_2010,first_loading,90,0.0125,0.0045303308,0.61911364,0.0019894,94.96
AGE_INFLATION_2010,first_loading,90,0.013,0.0048473542,0.64921818,0.0019894,94.96
AGE_INFLATION_2010,first_loading,90,0.0135,0.0051797929,0.68078656,0.0019894,94.96
AGE_INFLATION_2010,first_loading,90,0.014,0.0055283966,0.71388996,0.0019894,94.96
AGE_INFLATION_2010,first_loading,90,0.0145,0.0058939511,0.74860302,0.0019894,94.96
AGE_INFLATION_2010,first_loading,90,0.015,0.0062772809,0.78500402,0.0019894,94.96
AGE_INFLATION_2010,first_loading,90,0.0155,0.0066792501,0.82317502,0.0019894,94.96
AGE_INFLATION_2010,first_loading,90,0.016,0.0071007652,0.86320209,0.0019894,94.96
AGE_INFLATION_2010,first_loading,90,0.0165,0.0075427766,0.90517549,0.0019894,94.96
AGE_INFLATION_2010,first_loading,90,0.017,0.0080062809,0.94918985,0.0019894,94.96
AGE_INFLATION_2010,first_loading,90,0.0175,0.0084923231,0.99534443,0.0019894,94.96
AGE_INFLATION_2010,first_loading,90,0.018,0.0090019993,1.0437433,0.0019894,94.96
AGE_INFLATION_2010,first_loading,90,0.0185,0.0095364586,1.0944955,0.0019894,94.96
AGE_INFLATION_2010,first_loading,90,0.019,0.010096906,1.1477156,0.0019894,94.96
AGE_INFLATION_2010,first_loading,90,0.0195,0.010684606,1.2035236,0.0019894,94.96
AGE_INFLATION_2010,first_loading,90,0.02,0.011300882,1.2620452,0.0019894,94.96
AGE_INFLATION_2010,first_loading,90,0.0205,0.011947125,1.3234124,0.0019894,94.96
AGE_INFLATION_2010,first_loading,90,0.021,0.012624792,1.3877636,0.0019894,94.96
AGE_INFLATION_2010,first_loading,90,0.0215,0.01333541,1.455244,0.0019894,94.96
AGE_INFLATION_2010,first_loading,90,0.022,0.014080582,1.5260055,0.0019894,94.96
AGE_INFLATION_2010,first_loading,90,0.0225,0.014861989,1.6002079,0.0019894,94.96
AGE_INFLATION_2010,first_loading,90,0.023,0.015681392,1.6780184,0.0019894,94.96
AGE_INFLATION_2010,first_loading,90,0.0235,0.016540638,1.7596124,0.0019894,94.96
AGE_INFLATION_2010,first_loading,90,0.024,0.017441665,1.845174,0.0019894,94.96
AGE_INFLATION_2010,first_loading,90,0.0245,0.018386505,1.934896,0.0019894,94.96
AGE_INFLATION_2010,first_loading,90,0.025,0.019377288,2.0289807,0.0019894,94.96
AGE_INFLATION_2010,first_loading,90,0.0255,0.020416248,2.1276404,0.0019894,94.96
AGE_INFLATION_2010,first_loading,90,0.026,0.021505728,2.2310974,0.0019894,94.96
AGE_INFLATION_2010,first_loading,90,0.0265,0.022648184,2.339585,0.0019894,94.96
AGE_INFLATION_2010,first_loading,90,0.027,0.023846192,2.4533478,0.0019894,94.96
AGE_INFLATION_2010,first_loading,90,0.0275,0.025102454,2.5726424,0.0019894,94.96
AGE_INFLATION_2010,first_loading,90,0.028,0.026419801,2.6977378,0.0019894,94.96
AGE_INFLATION_2010,first_loading,90,0.0285,0.027801205,2.8289159,0.0019894,94.96
AGE_INFLATION_2010,first_loading,90,0.029,0.02924978,2.9664726,0.0019894,94.96
AGE_INFLATION_2010,first_loading,90,0.0295,0.030768793,3.110718,0.0019894,94.96
AGE_INFLATION_2010,first_loading,90,0.03,0.032361667,3.2619773,0.0019894,94.96
AGE_INFLATION_2010,first_loading,100,0,0,0.20963124,0.0021567,97.2
AGE_INFLATION_2010,first_loading,100,0.0005,0.00010740441,0.22007095,0.0021567,97.2
AGE_INFLATION_2010,first_loading,100,0.001,0.00022015759,0.23103056,0.0021567,97.2
AGE_INFLATION_2010,first_loading,100,0.0015,0.00033852592,0.24253596,0.0021567,97.2
AGE_INFLATION_2010,first_loading,100,0.002,0.00046278904,0.25461433,0.0021567,97.2
AGE_INFLATION_2010,first_loading,100,0.0025,0.0005932405,0.26729422,0.0021567,97.2
AGE_INFLATION_2010,first_loading,100,0.003,0.00073018849,0.28060556,0.0021567,97.2
AGE_INFLATION_2010,first_loading,100,0.0035,0.00087395654,0.29457982,0.0021567,97.2
AGE_INFLATION_2010,first_loading,100,0.004,0.0010248843,0.30924999,0.0021567,97.2
AGE_INFLATION_2010,first_loading,100,0.0045,0.0011833283,0.32465075,0.0021567,97.2
AGE_INFLATION_2010,first_loading,100,0.005,0.0013496629,0.34081847,0.0021567,97.2
AGE_INFLATION_2010,first_loading,100,0.0055,0.0015242809,0.35779135,0.0021567,97.2
AGE_INFLATION_2010,first_loading,100,0.006,0.0017075951,0.37560948,0.0021567,97.2
AGE_INFLATION_2010,first_loading,100,0.0065,0.0019000383,0.39431496,0.0021567,97.2
AGE_INFLATION_2010,first_loading,100,0.007,0.0021020653,0.41395198,0.0021567,97.2
AGE_INFLATION_2010,first_loading,100,0.0075,0.0023141533,0.43456694,0.0021567,97.2
AGE_INFLATION_2010,first_loading,100,0.008,0.0025368033,0.45620852,0.0021567,97.2
AGE_INFLATION_2010,first_loading,100,0.0085,0.0027705414,0.47892786,0.0021567,97.2
AGE_INFLATION_2010,first_loading,100,0.009,0.0030159197,0.50277864,0.0021567,97.2
AGE_INFLATION_2010,first_loading,100,0.0095,0.003273518,0.52781719,0.0021567,97.2
AGE_INFLATION_2010,first_loading,100,0.01,0.0035439447,0.55410267,0.0021567,97.2
AGE_INFLATION_2010,first_loading,100,0.0105,0.0038278388,0.58169717,0.0021567,97.2
AGE_INFLATION_2010,first_loading,100,0.011,0.0041258709,0.61066589,0.0021567,97.2
AGE_INFLATION_2010,first_loading,100,0.0115,0.0044387451,0.64107726,0.0021567,97.2
AGE_INFLATION_2010,first_loading,100,0.012,0.0047672006,0.67300313,0.0021567,97.2
AGE_INFLATION_2010,first_loading,100,0.0125,0.0051120132,0.70651892,0.0021567,97.2
AGE_INFLATION_2010,first_loading,100,0.013,0.0054739976,0.74170381,0.0021567,97.2
AGE_INFLATION_2010,first_loading,100,0.0135,0.005854009,0.77864092,0.0021567,97.2
AGE_INFLATION_2010,first_loading,100,0.014,0.0062529451,0.81741751,0.0021567,97.2
AGE_INFLATION_2010,first_loading,100,0.0145,0.0066717484,0.85812518,0.0021567,97.2
AGE_INFLATION_2010,first_loading,100,0.015,0.0071114081,0.90086011,0.0021567,97.2
AGE_INFLATION_2010,first_loading,100,0.0155,0.0075729631,0.94572326,0.0021567,97.2
AGE_INFLATION_2010,first_loading,100,0.016,0.0080575037,0.9928206,0.0021567,97.2
AGE_INFLATION_2010,first_loading,100,0.0165,0.0085661746,1.0422634,0.0021567,97.2
AGE_INFLATION_2010,first_loading,100,0.017,0.0091001775,1.0941685,0.0021567,97.2
AGE_INFLATION_2010,first_loading,100,0.0175,0.0096607739,1.1486585,0.0021567,97.2
AGE_INFLATION_2010,first_loading,100,0.018,0.010249288,1.2058621,0.0021567,97.2
AGE_INFLATION_2010,first_loading,100,0.0185,0.010867111,1.2659144,0.0021567,97.2
AGE_INFLATION_2010,first_loading,100,0.019,0.011515701,1.3289574,0.0021567,97.2
AGE_INFLATION_2010,first_loading,100,0.0195,0.012196591,1.3951399,0.0021567,97.2
AGE_INFLATION_2010,first_loading,100,0.02,0.01291139,1.4646184,0.0021567,97.2
AGE_INFLATION_2010,first_loading,100,0.0205,0.013661786,1.5375569,0.0021567,97.2
AGE_INFLATION_2010,first_loading,100,0.021,0.014449552,1.6141277,0.0021567,97.2
AGE_INFLATION_2010,first_loading,100,0.0215,0.01527655,1.6945119,0.0021567,97.2
AGE_INFLATION_2010,first_loading,100,0.022,0.016144731,1.7788991,0.0021567,97.2
AGE_INFLATION_2010,first_loading,100,0.0225,0.017056149,1.8674889,0.0021567,97.2
AGE_INFLATION_2010,first_loading,100,0.023,0.018012956,1.9604905,0.0021567,97.2
AGE_INFLATION_2010,first_loading,100,0.0235,0.019017411,2.0581236,0.0021567,97.2
AGE_INFLATION_2010,first_loading,100,0.024,0.02007189,2.1606189,0.0021567,97.2
AGE_INFLATION_2010,first_loading,100,0.0245,0.021178881,2.2682185,0.0021567,97.2
AGE_INFLATION_2010,first_loading,100,0.025,0.022341001,2.3811765,0.0021567,97.2
AGE_INFLATION_2010,first_loading,100,0.0255,0.023560995,2.49976,0.0021567,97.2
AGE_INFLATION_2010,first_loading,100,0.026,0.024841745,2.6242489,0.0021567,97.2
AGE_INFLATION_2010,first_loading,100,0.0265,0.026186277,2.7549374,0.0021567,97.2
AGE_INFLATION_2010,first_loading,100,0.027,0.027597767,2.8921342,0.0021567,97.2
AGE_INFLATION_2010,first_loading,100,0.0275,0.02907955,3.0361635,0.0021567,97.2
AGE_INFLATION_2010,first_loading,100,0.028,0.030635126,3.1873655,0.0021567,97.2
AGE_INFLATION_2010,first_loading,100,0.0285,0.03226817,3.3460974,0.0021567,97.2
AGE_INFLATION_2010,first_loading,100,0.029,0.033982541,3.5127342,0.0021567,97.2
AGE_INFLATION_2010,first_loading,100,0.0295,0.035782287,3.6876696,0.0021567,97.2
AGE_INFLATION_2010,first_loading,100,0.03,0.037671662,3.8713168,0.0021567,97.2
AGE_INFLATION_2010,fourth_loading,40,0,0,0.1160272,0.001142,101.6
AGE_INFLATION_2010,fourth_loading,40,0.0005,5.9512418e-05,0.12207366,0.001142,101.6
AGE_INFLATION_2010,fourth_loading,40,0.001,0.00012212617,0.12843522,0.001142,101.6
AGE_INFLATION_2010,fourth_loading,40,0.0015,0.00018800288,0.13512829,0.001142,101.6
AGE_INFLATION_2010,fourth_loading,40,0.002,0.00025731259,0.14217016,0.001142,101.6
AGE_INFLATION_2010,fourth_loading,40,0.0025,0.0003302342,0.14957899,0.001142,101.6
AGE_INFLATION_2010,fourth_loading,40,0.003,0.00040695593,0.15737392,0.001142,101.6
AGE_INFLATION_2010,fourth_loading,40,0.0035,0.00048767582,0.16557506,0.001142,101.6
AGE_INFLATION_2010,fourth_loading,40,0.004,0.00057260222,0.17420359,0.001142,101.6
AGE_INFLATION_2010,fourth_loading,40,0.0045,0.00066195434,0.18328176,0.001142,101.6
AGE_INFLATION_2010,fourth_loading,40,0.005,0.00075596282,0.19283302,0.001142,101.6
AGE_INFLATION_2010,fourth_loading,40,0.0055,0.00085487031,0.20288202,0.001142,101.6
AGE_INFLATION_2010,fourth_loading,40,0.006,0.00095893212,0.2134547,0.001142,101.6
AGE_INFLATION_2010,fourth_loading,40,0.0065,0.0010684168,0.22457835,0.001142,101.6
AGE_INFLATION_2010,fourth_loading,40,0.007,0.0011836071,0.23628168,0.001142,101.6
AGE_INFLATION_2010,fourth_loading,40,0.0075,0.0013048002,0.2485949,0.001142,101.6
AGE_INFLATION_2010,fourth_loading,40,0.008,0.0014323089,0.26154978,0.001142,101.6
AGE_INFLATION_2010,fourth_loading,40,0.0085,0.0015664624,0.27517978,0.001142,101.6
AGE_INFLATION_2010,fourth_loading,40,0.009,0.0017076071,0.28952008,0.001142,101.6
AGE_INFLATION_2010,fourth_loading,40,0.0095,0.0018561071,0.30460768,0.001142,101.6
AGE_INFLATION_2010,fourth_loading,40,0.01,0.0020123458,0.32048153,0.001142,101.6
AGE_INFLATION_2010,fourth_loading,40,0.0105,0.0021767265,0.33718261,0.001142,101.6
AGE_INFLATION_2010,fourth_loading,40,0.011,0.0023496734,0.35475402,0.001142,101.6
AGE_INFLATION_2010,fourth_loading,40,0.0115,0.0025316331,0.37324112,0.001142,101.6
AGE_INFLATION_2010,fourth_loading,40,0.012,0.0027230751,0.39269163,0.001142,101.6
AGE_INFLATION_2010,fourth_loading,40,0.0125,0.0029244936,0.41315575,0.001142,101.6
AGE_INFLATION_2010,fourth_loading,40,0.013,0.0031364086,0.43468631,0.001142,101.6
AGE_INFLATION_2010,fourth_loading,40,0.0135,0.0033593669,0.45733888,0.001142,101.6
AGE_INFLATION_2010,fourth_loading,40,0.014,0.0035939442,0.48117193,0.001142,101.6
AGE_INFLATION_2010,fourth_loading,40,0.0145,0.0038407458,0.50624698,0.001142,101.6
AGE_INFLATION_2010,fourth_loading,40,0.015,0.0041004089,0.53262875,0.001142,101.6
AGE_INFLATION_2010,fourth_loading,40,0.0155,0.0043736037,0.56038534,0.001142,101.6
AGE_INFLATION_2010,fourth_loading,40,0.016,0.0046610353,0.58958839,0.001142,101.6
AGE_INFLATION_2010,fourth_loading,40,0.0165,0.0049634457,0.62031328,0.001142,101.6
AGE_INFLATION_2010,fourth_loading,40,0.017,0.0052816154,0.65263933,0.001142,101.6
AGE_INFLATION_2010,fourth_loading,40,0.0175,0.0056163658,0.68664996,0.001142,101.6
AGE_INFLATION_2010,fourth_loading,40,0.018,0.0059685608,0.72243297,0.001142,101.6
AGE_INFLATION_2010,fourth_loading,40,0.0185,0.0063391095,0.76008073,0.001142,101.6
AGE_INFLATION_2010,fourth_loading,40,0.019,0.0067289685,0.79969039,0.001142,101.6
AGE_INFLATION_2010,fourth_loading,40,0.0195,0.0071391439,0.84136422,0.001142,101.6
AGE_INFLATION_2010,fourth_loading,40,0.02,0.0075706946,0.88520977,0.001142,101.6
AGE_INFLATION_2010,fourth_loading,40,0.0205,0.0080247345,0.93134022,0.001142,101.6
AGE_INFLATION_2010,fourth_loading,40,0.021,0.0085024354,0.97987464,0.001142,101.6
AGE_INFLATION_2010,fourth_loading,40,0.0215,0.0090050306,1.0309383,0.001142,101.6
AGE_INFLATION_2010,fourth_loading,40,0.022,0.0095338172,1.084663,0.001142,101.6
AGE_INFLATION_2010,fourth_loading,40,0.0225,0.01009016,1.1411875,0.001142,101.6
AGE_INFLATION_2010,fourth_loading,40,0.023,0.010675496,1.2006576,0.001142,101.6
AGE_INFLATION_2010,fourth_loading,40,0.0235,0.011291334,1.2632268,0.001142,101.6
AGE_INFLATION_2010,fourth_loading,40,0.024,0.011939266,1.3290566,0.001142,101.6
AGE_INFLATION_2010,fourth_loading,40,0.0245,0.012620963,1.398317,0.001142,101.6
AGE_INFLATION_2010,fourth_loading,40,0.025,0.013338184,1.4711867,0.001142,101.6
AGE_INFLATION_2010,fourth_loading,40,0.0255,0.014092782,1.5478539,0.001142,101.6
AGE_INFLATION_2010,fourth_loading,40,0.026,0.014886704,1.6285163,0.001142,101.6
AGE_INFLATION_2010,fourth_loading,40,0.0265,0.015721999,1.7133823,0.001142,101.6
AGE_INFLATION_2010,fourth_loading,40,0.027,0.016600823,1.8026708,0.001142,101.6
AGE_INFLATION_2010,fourth_loading,40,0.0275,0.017525445,1.8966124,0.001142,101.6
AGE_INFLATION_2010,fourth_loading,40,0.028,0.018498252,1.9954496,0.001142,101.6
AGE_INFLATION_2010,fourth_loading,40,0.0285,0.019521753,2.0994373,0.001142,101.6
AGE_INFLATION_2010,fourth_loading,40,0.029,0.020598592,2.2088441,0.001142,101.6
AGE_INFLATION_2010,fourth_loading,40,0.0295,0.021731547,2.3239524,0.001142,101.6
AGE_INFLATION_2010,fourth_loading,40,0.03,0.022923544,2.4450593,0.001142,101.6
AGE_INFLATION_2010,fourth_loading,50,0,0,0.12219375,0.0011875,102.9
AGE_INFLATION_2010,fourth_loading,50,0.0005,6.2695897e-05,0.12864516,0.0011875,102.9
AGE_INFLATION_2010,fourth_loading,50,0.001,0.00012870192,0.13543718,0.0011875,102.9
AGE_INFLATION_2010,fourth_loading,50,0.0015,0.00019819284,0.14258779,0.0011875,102.9
AGE_INFLATION_2010,fourth_loading,50,0.002,0.00027135263,0.15011594,0.0011875,102.9
AGE_INFLATION_2010,fourth_loading,50,0.0025,0.00034837501,0.15804154,0.0011875,102.9
AGE_INFLATION_2010,fourth_loading,50,0.003,0.0004294639,0.16638559,0.0011875,102.9
AGE_INFLATION_2010,fourth_loading,50,0.0035,0.00051483401,0.17517017,0.0011875,102.9
AGE_INFLATION_2010,fourth_loading,50,0.004,0.00060471137,0.18441855,0.0011875,102.9
AGE_INFLATION_2010,fourth_loading,50,0.0045,0.00069933393,0.19415521,0.0011875,102.9
AGE_INFLATION_2010,fourth_loading,50,0.005,0.00079895225,0.20440594,0.0011875,102.9
AGE_INFLATION_2010,fourth_loading,50,0.0055,0.00090383006,0.21519786,0.0011875,102.9
AGE_INFLATION_2010,fourth_loading,50,0.006,0.0010142451,0.22655957,0.0011875,102.9
AGE_INFLATION_2010,fourth_loading,50,0.0065,0.0011304896,0.23852113,0.0011875,102.9
AGE_INFLATION_2010,fourth_loading,50,0.007,0.0012528714,0.25111422,0.0011875,102.9
AGE_INFLATION_2010,fourth_loading,50,0.0075,0.0013817146,0.26437218,0.0011875,102.9
AGE_INFLATION_2010,fourth_loading,50,0.008,0.0015173603,0.27833012,0.0011875,102.9
AGE_INFLATION_2010,fourth_loading,50,0.0085,0.0016601676,0.29302499,0.0011875,102.9
AGE_INFLATION_2010,fourth_loading,50,0.009,0.0018105146,0.3084957,0.0011875,102.9
AGE_INFLATION_2010,fourth_loading,50,0.0095,0.0019687994,0.32478321,0.0011875,102.9
AGE_INFLATION_2010,fourth_loading,50,0.01,0.0021354411,0.34193064,0.0011875,102.9
AGE_INFLATION_2010,fourth_loading,50,0.0105,0.0023108809,0.35998339,0.0011875,102.9
AGE_INFLATION_2010,fourth_loading,50,0.011,0.0024955833,0.37898927,0.0011875,102.9
AGE_INFLATION_2010,fourth_loading,50,0.0115,0.0026900374,0.3989986,0.0011875,102.9
AGE_INFLATION_2010,fourth_loading,50,0.012,0.002894758,0.42006434,0.0011875,102.9
AGE_INFLATION_2010,fourth_loading,50,0.0125,0.0031102871,0.44224229,0.0011875,102.9
AGE_INFLATION_2010,fourth_loading,50,0.013,0.0033371954,0.46559116,0.0011875,102.9
AGE_INFLATION_2010,fourth_loading,50,0.0135,0.0035760837,0.49017276,0.0011875,102.9
AGE_INFLATION_2010,fourth_loading,50,0.014,0.0038275844,0.51605219,0.0011875,102.9
AGE_INFLATION_2010,fourth_loading,50,0.0145,0.0040923636,0.54329796,0.0011875,102.9
AGE_INFLATION_2010,fourth_loading,50,0.015,0.0043711221,0.57198222,0.0011875,102.9
AGE_INFLATION_2010,fourth_loading,50,0.0155,0.0046645982,0.6021809,0.0011875,102.9
AGE_INFLATION_2010,fourth_loading,50,0.016,0.0049735687,0.63397397,0.0011875,102.9
AGE_INFLATION_2010,fourth_loading,50,0.0165,0.0052988519,0.66744561,0.0011875,102.9
AGE_INFLATION_2010,fourth_loading,50,0.017,0.0056413088,0.70268443,0.0011875,102.9
AGE_INFLATION_2010,fourth_loading,50,0.0175,0.0060018464,0.73978374,0.0011875,102.9
AGE_INFLATION_2010,fourth_loading,50,0.018,0.006381419,0.77884177,0.0011875,102.9
AGE_INFLATION_2010,fourth_loading,50,0.0185,0.0067810318,0.81996192,0.0011875,102.9
AGE_INFLATION_2010,fourth_loading,50,0.019,0.0072017427,0.86325308,0.0011875,102.9
AGE_INFLATION_2010,fourth_loading,50,0.0195,0.0076446658,0.90882986,0.0011875,102.9
AGE_INFLATION_2010,fourth_loading,50,0.02,0.0081109736,0.95681293,0.0011875,102.9
AGE_INFLATION_2010,fourth_loading,50,0.0205,0.0086019009,1.0073293,0.0011875,102.9
AGE_INFLATION_2010,fourth_loading,50,0.021,0.0091187474,1.0605129,0.0011875,102.9
AGE_INFLATION_2010,fourth_loading,50,0.0215,0.0096628817,1.1165043,0.0011875,102.9
AGE_INFLATION_2010,fourth_loading,50,0.022,0.010235744,1.1754518,0.0011875,102.9
AGE_INFLATION_2010,fourth_loading,50,0.0225,0.010838852,1.2375116,0.0011875,102.9
AGE_INFLATION_2010,fourth_loading,50,0.023,0.011473802,1.302848,0.0011875,102.9
AGE_INFLATION_2010,fourth_loading,50,0.0235,0.012142275,1.3716339,0.0011875,102.9
AGE_INFLATION_2010,fourth_loading,50,0.024,0.012846041,1.4440514,0.0011875,102.9
AGE_INFLATION_2010,fourth_loading,50,0.0245,0.013586964,1.5202923,0.0011875,102.9
AGE_INFLATION_2010,fourth_loading,50,0.025,0.014367004,1.6005585,0.0011875,102.9
AGE_INFLATION_2010,fourth_loading,50,0.0255,0.015188228,1.6850624,0.0011875,102.9
AGE_INFLATION_2010,fourth_loading,50,0.026,0.01605281,1.7740279,0.0011875,102.9
AGE_INFLATION_2010,fourth_loading,50,0.0265,0.016963039,1.8676905,0.0011875,102.9
AGE_INFLATION_2010,fourth_loading,50,0.027,0.017921325,1.9662981,0.0011875,102.9
AGE_INFLATION_2010,fourth_loading,50,0.0275,0.018930205,2.0701118,0.0011875,102.9
AGE_INFLATION_2010,fourth_loading,50,0.028,0.01999235,2.1794066,0.0011875,102.9
AGE_INFLATION_2010,fourth_loading,50,0.0285,0.021110573,2.2944717,0.0011875,102.9
AGE_INFLATION_2010,fourth_loading,50,0.029,0.022287834,2.4156119,0.0011875,102.9
AGE_INFLATION_2010,fourth_loading,50,0.0295,0.023527251,2.5431478,0.0011875,102.9
AGE_INFLATION_2010,fourth_loading,50,0.03,0.024832104,2.6774173,0.0011875,102.9
AGE_INFLATION_2010,fourth_loading,60,0,0,0.1295304,0.00124,104.46
AGE_INFLATION_2010,fourth_loading,60,0.0005,6.6486378e-05,0.13647557,0.00124,104.46
AGE_INFLATION_2010,fourth_loading,60,0.001,0.00013653763,0.14379312,0.00124,104.46
AGE_INFLATION_2010,fourth_loading,60,0.0015,0.00021034488,0.15150303,0.00124,104.46
AGE_INFLATION_2010,fourth_loading,60,0.002,0.00028810954,0.15962632,0.00124,104.46
AGE_INFLATION_2010,fourth_loading,60,0.0025,0.00037004379,0.16818517,0.00124,104.46
AGE_INFLATION_2010,fourth_loading,60,0.003,0.0004563712,0.17720294,0.00124,104.46
AGE_INFLATION_2010,fourth_loading,60,0.0035,0.00054732731,0.18670421,0.00124,104.46
AGE_INFLATION_2010,fourth_loading,60,0.004,0.00064316031,0.19671493,0.00124,104.46
AGE_INFLATION_2010,fourth_loading,60,0.0045,0.00074413168,0.2072624,0.00124,104.46
AGE_INFLATION_2010,fourth_loading,60,0.005,0.00085051695,0.2183754,0.00124,104.46
AGE_INFLATION_2010,fourth_loading,60,0.0055,0.00096260639,0.23008426,0.00124,104.46
AGE_INFLATION_2010,fourth_loading,60,0.006,0.0010807058,0.24242093,0.00124,104.46
AGE_INFLATION_2010,fourth_loading,60,0.0065,0.0012051376,0.25541907,0.00124,104.46
AGE_INFLATION_2010,fourth_loading,60,0.007,0.0013362411,0.26911414,0.00124,104.46
AGE_INFLATION_2010,fourth_loading,60,0.0075,0.0014743741,0.28354351,0.00124,104.46
AGE_INFLATION_2010,fourth_loading,60,0.008,0.0016199135,0.29874656,0.00124,104.46
AGE_INFLATION_2010,fourth_loading,60,0.0085,0.0017732565,0.31476477,0.00124,104.46
AGE_INFLATION_2010,fourth_loading,60,0.009,0.0019348214,0.33164184,0.00124,104.46
AGE_INFLATION_2010,fourth_loading,60,0.0095,0.0021050491,0.34942383,0.00124,104.46
AGE_INFLATION_2010,fourth_loading,60,0.01,0.0022844041,0.36815925,0.00124,104.46
AGE_INFLATION_2010,fourth_loading,60,0.0105,0.0024733758,0.38789924,0.00124,104.46
AGE_INFLATION_2010,fourth_loading,60,0.011,0.0026724797,0.40869763,0.00124,104.46
AGE_INFLATION_2010,fourth_loading,60,0.0115,0.0028822593,0.4306112,0.00124,104.46
AGE_INFLATION_2010,fourth_loading,60,0.012,0.0031032868,0.45369974,0.00124,104.46
AGE_INFLATION_2010,fourth_loading,60,0.0125,0.0033361653,0.47802623,0.00124,104.46
AGE_INFLATION_2010,fourth_loading,60,0.013,0.0035815304,0.50365706,0.00124,104.46
AGE_INFLATION_2010,fourth_loading,60,0.0135,0.0038400514,0.53066217,0.00124,104.46
AGE_INFLATION_2010,fourth_loading,60,0.014,0.0041124338,0.55911524,0.00124,104.46
AGE_INFLATION_2010,fourth_loading,60,0.0145,0.0043994209,0.58909391,0.00124,104.46
AGE_INFLATION_2010,fourth_loading,60,0.015,0.0047017956,0.62067997,0.00124,104.46
AGE_INFLATION_2010,fourth_loading,60,0.0155,0.0050203831,0.65395962,0.00124,104.46
AGE_INFLATION_2010,fourth_loading,60,0.016,0.0053560526,0.68902365,0.00124,104.46
AGE_INFLATION_2010,fourth_loading,60,0.0165,0.0057097201,0.72596776,0.00124,104.46
AGE_INFLATION_2010,fourth_loading,60,0.017,0.0060823505,0.76489273,0.00124,104.46
AGE_INFLATION_2010,fourth_loading,60,0.0175,0.0064749606,0.80590478,0.00124,104.46
AGE_INFLATION_2010,fourth_loading,60,0.018,0.0068886217,0.84911583,0.00124,104.46
AGE_INFLATION_2010,fourth_loading,60,0.0185,0.0073244625,0.89464376,0.00124,104.46
AGE_INFLATION_2010,fourth_loading,60,0.019,0.0077836723,0.94261281,0.00124,104.46
AGE_INFLATION_2010,fourth_loading,60,0.0195,0.008267504,0.99315387,0.00124,104.46
AGE_INFLATION_2010,fourth_loading,60,0.02,0.0087772778,1.0464048,0.00124,104.46
AGE_INFLATION_2010,fourth_loading,60,0.0205,0.0093143846,1.102511,0.00124,104.46
AGE_INFLATION_2010,fourth_loading,60,0.021,0.0098802901,1.1616255,0.00124,104.46
AGE_INFLATION_2010,fourth_loading,60,0.0215,0.010476538,1.2239096,0.00124,104.46
AGE_INFLATION_2010,fourth_loading,60,0.022,0.011104756,1.2895332,0.00124,104.46
AGE_INFLATION_2010,fourth_loading,60,0.0225,0.011766658,1.3586755,0.00124,104.46
AGE_INFLATION_2010,fourth_loading,60,0.023,0.01246405,1.431525,0.00124,104.46
AGE_INFLATION_2010,fourth_loading,60,0.0235,0.013198834,1.5082806,0.00124,104.46
AGE_INFLATION_2010,fourth_loading,60,0.024,0.013973016,1.5891517,0.00124,104.46
AGE_INFLATION_2010,fourth_loading,60,0.0245,0.014788708,1.6743589,0.00124,104.46
AGE_INFLATION_2010,fourth_loading,60,0.025,0.015648136,1.7641347,0.00124,104.46
AGE_INFLATION_2010,fourth_loading,60,0.0255,0.016553645,1.8587242,0.00124,104.46
AGE_INFLATION_2010,fourth_loading,60,0.026,0.017507706,1.9583853,0.00124,104.46
AGE_INFLATION_2010,fourth_loading,60,0.0265,0.018512921,2.0633901,0.00124,104.46
AGE_INFLATION_2010,fourth_loading,60,0.027,0.019572034,2.1740251,0.00124,104.46
AGE_INFLATION_2010,fourth_loading,60,0.0275,0.020687935,2.2905921,0.00124,104.46
AGE_INFLATION_2010,fourth_loading,60,0.028,0.021863668,2.4134091,0.00124,104.46
AGE_INFLATION_2010,fourth_loading,60,0.0285,0.023102441,2.5428114,0.00124,104.46
AGE_INFLATION_2010,fourth_loading,60,0.029,0.024407635,2.679152,0.00124,104.46
AGE_INFLATION_2010,fourth_loading,60,0.0295,0.025782811,2.8228029,0.00124,104.46
AGE_INFLATION_2010,fourth_loading,60,0.03,0.027231722,2.9741561,0.00124,104.46
AGE_INFLATION_2010,fourth_loading,70,0,0,0.13811086,0.0012995,106.28
AGE_INFLATION_2010,fourth_loading,70,0.0005,7.092317e-05,0.14564857,0.0012995,106.28
AGE_INFLATION_2010,fourth_loading,70,0.001,0.00014571713,0.15359768,0.0012995,106.28
AGE_INFLATION_2010,fourth_loading,70,0.0015,0.00022459315,0.16198062,0.0012995,106.28
AGE_INFLATION_2010,fourth_loading,70,0.002,0.000307774,0.17082108,0.0012995,106.28
AGE_INFLATION_2010,fourth_loading,70,0.0025,0.00039549463,0.18014403,0.0012995,106.28
AGE_INFLATION_2010,fourth_loading,70,0.003,0.00048800282,0.1899758,0.0012995,106.28
AGE_INFLATION_2010,fourth_loading,70,0.0035,0.00058555986,0.20034416,0.0012995,106.28
AGE_INFLATION_2010,fourth_loading,70,0.004,0.00068844129,0.2112784,0.0012995,106.28
AGE_INFLATION_2010,fourth_loading,70,0.0045,0.00079693771,0.2228094,0.0012995,106.28
AGE_INFLATION_2010,fourth_loading,70,0.005,0.00091135557,0.23496973,0.0012995,106.28
AGE_INFLATION_2010,fourth_loading,70,0.0055,0.001032018,0.24779374,0.0012995,106.28
AGE_INFLATION_2010,fourth_loading,70,0.006,0.0011592659,0.26131764,0.0012995,106.28
AGE_INFLATION_2010,fourth_loading,70,0.0065,0.0012934587,0.27557965,0.0012995,106.28
AGE_INFLATION_2010,fourth_loading,70,0.007,0.0014349753,0.29062004,0.0012995,106.28
AGE_INFLATION_2010,fourth_loading,70,0.0075,0.0015842155,0.30648129,0.0012995,106.28
AGE_INFLATION_2010,fourth_loading,70,0.008,0.0017416009,0.3232082,0.0012995,106.28
AGE_INFLATION_2010,fourth_loading,70,0.0085,0.0019075759,0.34084802,0.0012995,106.28
AGE_INFLATION_2010,fourth_loading,70,0.009,0.0020826093,0.35945058,0.0012995,106.28
AGE_INFLATION_2010,fourth_loading,70,0.0095,0.0022671956,0.37906841,0.0012995,106.28
AGE_INFLATION_2010,fourth_loading,70,0.01,0.0024618562,0.39975693,0.0012995,106.28
AGE_INFLATION_2010,fourth_loading,70,0.0105,0.0026671407,0.42157458,0.0012995,106.28
AGE_INFLATION_2010,fourth_loading,70,0.011,0.0028836292,0.44458297,0.0012995,106.28
AGE_INFLATION_2010,fourth_loading,70,0.0115,0.003111933,0.4688471,0.0012995,106.28
AGE_INFLATION_2010,fourth_loading,70,0.012,0.003352697,0.49443549,0.0012995,106.28
AGE_INFLATION_2010,fourth_loading,70,0.0125,0.0036066012,0.52142044,0.0012995,106.28
AGE_INFLATION_2010,fourth_loading,70,0.013,0.0038743628,0.54987814,0.0012995,106.28
AGE_INFLATION_2010,fourth_loading,70,0.0135,0.0041567382,0.57988899,0.0012995,106.28
AGE_INFLATION_2010,fourth_loading,70,0.014,0.0044545248,0.61153776,0.0012995,106.28
AGE_INFLATION_2010,fourth_loading,70,0.0145,0.0047685638,0.64491382,0.0012995,106.28
AGE_INFLATION_2010,fourth_loading,70,0.015,0.0050997422,0.68011146,0.0012995,106.28
AGE_INFLATION_2010,fourth_loading,70,0.0155,0.0054489954,0.71723009,0.0012995,106.28
AGE_INFLATION_2010,fourth_loading,70,0.016,0.0058173099,0.75637455,0.0012995,106.28
AGE_INFLATION_2010,fourth_loading,70,0.0165,0.006205726,0.79765542,0.0012995,106.28
AGE_INFLATION_2010,fourth_loading,70,0.017,0.0066153408,0.84118928,0.0012995,106.28
AGE_INFLATION_2010,fourth_loading,70,0.0175,0.0070473112,0.8870991,0.0012995,106.28
AGE_INFLATION_2010,fourth_loading,70,0.018,0.0075028574,0.93551455,0.0012995,106.28
AGE_INFLATION_2010,fourth_loading,70,0.0185,0.0079832661,0.98657238,0.0012995,106.28
AGE_INFLATION_2010,fourth_loading,70,0.019,0.0084898942,1.0404168,0.0012995,106.28
AGE_INFLATION_2010,fourth_loading,70,0.0195,0.0090241727,1.0971999,0.0012995,106.28
AGE_INFLATION_2010,fourth_loading,70,0.02,0.0095876106,1.1570821,0.0012995,106.28
AGE_INFLATION_2010,fourth_loading,70,0.0205,0.010181799,1.2202325,0.0012995,106.28
AGE_INFLATION_2010,fourth_loading,70,0.021,0.010808417,1.2868295,0.0012995,106.28
AGE_INFLATION_2010,fourth_loading,70,0.0215,0.011469235,1.3570611,0.0012995,106.28
AGE_INFLATION_2010,fourth_loading,70,0.022,0.012166117,1.4311258,0.0012995,106.28
AGE_INFLATION_2010,fourth_loading,70,0.0225,0.012901034,1.5092328,0.0012995,106.28
AGE_INFLATION_2010,fourth_loading,70,0.023,0.013676061,1.5916026,0.0012995,106.28
AGE_INFLATION_2010,fourth_loading,70,0.0235,0.014493386,1.6784679,0.0012995,106.28
AGE_INFLATION_2010,fourth_loading,70,0.024,0.015355319,1.7700741,0.0012995,106.28
AGE_INFLATION_2010,fourth_loading,70,0.0245,0.016264293,1.8666799,0.0012995,106.28
AGE_INFLATION_2010,fourth_loading,70,0.025,0.017222877,1.9685582,0.0012995,106.28
AGE_INFLATION_2010,fourth_loading,70,0.0255,0.018233778,2.0759968,0.0012995,106.28
AGE_INFLATION_2010,fourth_loading,70,0.026,0.019299851,2.189299,0.0012995,106.28
AGE_INFLATION_2010,fourth_loading,70,0.0265,0.020424108,2.308785,0.0012995,106.28
AGE_INFLATION_2010,fourth_loading,70,0.027,0.021609723,2.4347922,0.0012995,106.28
AGE_INFLATION_2010,fourth_loading,70,0.0275,0.022860046,2.5676765,0.0012995,106.28
AGE_INFLATION_2010,fourth_loading,70,0.028,0.024178608,2.7078133,0.0012995,106.28
AGE_INFLATION_2010,fourth_loading,70,0.0285,0.025569134,2.8555984,0.0012995,106.28
AGE_INFLATION_2010,fourth_loading,70,0.029,0.027035551,3.0114492,0.0012995,106.28
AGE_INFLATION_2010,fourth_loading,70,0.0295,0.028582,3.1758059,0.0012995,106.28
AGE_INFLATION_2010,fourth_loading,70,0.03,0.030212851,3.3491327,0.0012995,106.28
AGE_INFLATION_2010,fourth_loading,80,0,0,0.14801976,0.001366,108.36
AGE_INFLATION_2010,fourth_loading,80,0.0005,7.6051512e-05,0.1562607,0.001366,108.36
AGE_INFLATION_2010,fourth_loading,80,0.001,0.00015633716,0.16496045,0.001366,108.36
AGE_INFLATION_2010,fourth_loading,80,0.0015,0.00024109269,0.17414456,0.001366,108.36
AGE_INFLATION_2010,fourth_loading,80,0.002,0.00033056694,0.18383999,0.001366,108.36
AGE_INFLATION_2010,fourth_loading,80,0.0025,0.00042502263,0.19407521,0.001366,108.36
AGE_INFLATION_2010,fourth_loading,80,0.003,0.00052473712,0.20488027,0.001366,108.36
AGE_INFLATION_2010,fourth_loading,80,0.0035,0.00063000316,0.2162869,0.001366,108.36
AGE_INFLATION_2010,fourth_loading,80,0.004,0.00074112985,0.22832859,0.001366,108.36
AGE_INFLATION_2010,fourth_loading,80,0.0045,0.00085844348,0.2410407,0.001366,108.36
AGE_INFLATION_2010,fourth_loading,80,0.005,0.00098228849,0.25446054,0.001366,108.36
AGE_INFLATION_2010,fourth_loading,80,0.0055,0.0011130285,0.26862753,0.001366,108.36
AGE_INFLATION_2010,fourth_loading,80,0.006,0.0012510475,0.28358326,0.001366,108.36
AGE_INFLATION_2010,fourth_loading,80,0.0065,0.0013967506,0.29937165,0.001366,108.36
AGE_INFLATION_2010,fourth_loading,80,0.007,0.0015505656,0.31603905,0.001366,108.36
AGE_INFLATION_2010,fourth_loading,80,0.0075,0.0017129442,0.3336344,0.001366,108.36
AGE_INFLATION_2010,fourth_loading,80,0.008,0.0018843633,0.35220936,0.001366,108.36
AGE_INFLATION_2010,fourth_loading,80,0.0085,0.002065326,0.37181848,0.001366,108.36
AGE_INFLATION_2010,fourth_loading,80,0.009,0.0022563637,0.39251933,0.001366,108.36
AGE_INFLATION_2010,fourth_loading,80,0.0095,0.0024580373,0.41437269,0.001366,108.36
AGE_INFLATION_2010,fourth_loading,80,0.01,0.0026709391,0.43744272,0.001366,108.36
AGE_INFLATION_2010,fourth_loading,80,0.0105,0.0028956941,0.46179717,0.001366,108.36
AGE_INFLATION_2010,fourth_loading,80,0.011,0.0031329623,0.48750755,0.001366,108.36
AGE_INFLATION_2010,fourth_loading,80,0.0115,0.0033834402,0.51464934,0.001366,108.36
AGE_INFLATION_2010,fourth_loading,80,0.012,0.0036478634,0.54330224,0.001366,108.36
AGE_INFLATION_2010,fourth_loading,80,0.0125,0.0039270083,0.57355038,0.001366,108.36
AGE_INFLATION_2010,fourth_loading,80,0.013,0.0042216945,0.60548257,0.001366,108.36
AGE_INFLATION_2010,fourth_loading,80,0.0135,0.0045327871,0.63919258,0.001366,108.36
AGE_INFLATION_2010,fourth_loading,80,0.014,0.0048611998,0.67477937,0.001366,108.36
AGE_INFLATION_2010,fourth_loading,80,0.0145,0.0052078967,0.71234745,0.001366,108.36
AGE_INFLATION_2010,fourth_loading,80,0.015,0.0055738958,0.75200711,0.001366,108.36
AGE_INFLATION_2010,fourth_loading,80,0.0155,0.0059602718,0.79387481,0.001366,108.36
AGE_INFLATION_2010,fourth_loading,80,0.016,0.0063681591,0.83807348,0.001366,108.36
AGE_INFLATION_2010,fourth_loading,80,0.0165,0.0067987553,0.88473289,0.001366,108.36
AGE_INFLATION_2010,fourth_loading,80,0.017,0.0072533249,0.93399004,0.001366,108.36
AGE_INFLATION_2010,fourth_loading,80,0.0175,0.0077332024,0.98598957,0.001366,108.36
AGE_INFLATION_2010,fourth_loading,80,0.018,0.0082397969,1.0408842,0.001366,108.36
AGE_INFLATION_2010,fourth_loading,80,0.0185,0.0087745959,1.098835,0.001366,108.36
AGE_INFLATION_2010,fourth_loading,80,0.019,0.0093391696,1.1600122,0.001366,108.36
AGE_INFLATION_2010,fourth_loading,80,0.0195,0.0099351757,1.2245954,0.001366,108.36
AGE_INFLATION_2010,fourth_loading,80,0.02,0.010564364,1.2927743,0.001366,108.36
AGE_INFLATION_2010,fourth_loading,80,0.0205,0.011228582,1.364749,0.001366,108.36
AGE_INFLATION_2010,fourth_loading,80,0.021,0.011929781,1.4407308,0.001366,108.36
AGE_INFLATION_2010,fourth_loading,80,0.0215,0.012670018,1.5209429,0.001366,108.36
AGE_INFLATION_2010,fourth_loading,80,0.022,0.013451468,1.6056208,0.001366,108.36
AGE_INFLATION_2010,fourth_loading,80,0.0225,0.014276425,1.6950132,0.001366,108.36
AGE_INFLATION_2010,fourth_loading,80,0.023,0.015147311,1.7893823,0.001366,108.36
AGE_INFLATION_2010,fourth_loading,80,0.0235,0.016066683,1.8890055,0.001366,108.36
AGE_INFLATION_2010,fourth_loading,80,0.024,0.01703724,1.9941751,0.001366,108.36
AGE_INFLATION_2010,fourth_loading,80,0.0245,0.018061834,2.1052001,0.001366,108.36
AGE_INFLATION_2010,fourth_loading,80,0.025,0.019143471,2.2224062,0.001366,108.36
AGE_INFLATION_2010,fourth_loading,80,0.0255,0.020285327,2.3461378,0.001366,108.36
AGE_INFLATION_2010,fourth_loading,80,0.026,0.021490756,2.4767581,0.001366,108.36
AGE_INFLATION_2010,fourth_loading,80,0.0265,0.022763297,2.6146507,0.001366,108.36
AGE_INFLATION_2010,fourth_loading,80,0.027,0.024106687,2.7602203,0.001366,108.36
AGE_INFLATION_2010,fourth_loading,80,0.0275,0.025524868,2.9138945,0.001366,108.36
AGE_INFLATION_2010,fourth_loading,80,0.028,0.027022007,3.0761244,0.001366,108.36
AGE_INFLATION_2010,fourth_loading,80,0.0285,0.028602498,3.2473864,0.001366,108.36
AGE_INFLATION_2010,fourth_loading,80,0.029,0.030270982,3.4281834,0.001366,108.36
AGE_INFLATION_2010,fourth_loading,80,0.0295,0.032032359,3.6190462,0.001366,108.36
AGE_INFLATION_2010,fourth_loading,80,0.03,0.033891799,3.8205351,0.001366,108.36
AGE_INFLATION_2010,fourth_loading,90,0,0,0.15935265,0.0014395,110.7
AGE_INFLATION_2010,fourth_loading,90,0.0005,8.192262e-05,0.16842148,0.0014395,110.7
AGE_INFLATION_2010,fourth_loading,90,0.001,0.00016850749,0.17800643,0.0014395,110.7
AGE_INFLATION_2010,fourth_loading,90,0.0015,0.00026001995,0.18813686,0.0014395,110.7
AGE_INFLATION_2010,fourth_loading,90,0.002,0.00035674043,0.19884382,0.0014395,110.7
AGE_INFLATION_2010,fourth_loading,90,0.0025,0.00045896532,0.21016011,0.0014395,110.7
AGE_INFLATION_2010,fourth_loading,90,0.003,0.00056700787,0.22212042,0.0014395,110.7
AGE_INFLATION_2010,fourth_loading,90,0.0035,0.00068119917,0.2347614,0.0014395,110.7
AGE_INFLATION_2010,fourth_loading,90,0.004,0.00080188915,0.24812178,0.0014395,110.7
AGE_INFLATION_2010,fourth_loading,90,0.0045,0.00092944766,0.26224251,0.0014395,110.7
AGE_INFLATION_2010,fourth_loading,90,0.005,0.0010642656,0.27716685,0.0014395,110.7
AGE_INFLATION_2010,fourth_loading,90,0.0055,0.0012067561,0.29294055,0.0014395,110.7
AGE_INFLATION_2010,fourth_loading,90,0.006,0.0013573557,0.30961193,0.0014395,110.7
AGE_INFLATION_2010,fourth_loading,90,0.0065,0.0015165261,0.32723209,0.0014395,110.7
AGE_INFLATION_2010,fourth_loading,90,0.007,0.0016847549,0.34585502,0.0014395,110.7
AGE_INFLATION_2010,fourth_loading,90,0.0075,0.0018625577,0.36553779,0.0014395,110.7
AGE_INFLATION_2010,fourth_loading,90,0.008,0.0020504794,0.38634072,0.0014395,110.7
AGE_INFLATION_2010,fourth_loading,90,0.0085,0.0022490958,0.40832755,0.0014395,110.7
AGE_INFLATION_2010,fourth_loading,90,0.009,0.0024590155,0.43156566,0.0014395,110.7
AGE_INFLATION_2010,fourth_loading,90,0.0095,0.0026808818,0.45612627,0.0014395,110.7
AGE_INFLATION_2010,fourth_loading,90,0.01,0.0029153747,0.48208463,0.0014395,110.7
AGE_INFLATION_2010,fourth_loading,90,0.0105,0.0031632126,0.50952029,0.0014395,110.7
AGE_INFLATION_2010,fourth_loading,90,0.011,0.0034251552,0.53851733,0.0014395,110.7
AGE_INFLATION_2010,fourth_loading,90,0.0115,0.003702005,0.5691646,0.0014395,110.7
AGE_INFLATION_2010,fourth_loading,90,0.012,0.0039946104,0.60155602,0.0014395,110.7
AGE_INFLATION_2010,fourth_loading,90,0.0125,0.0043038682,0.63579086,0.0014395,110.7
AGE_INFLATION_2010,fourth_loading,90,0.013,0.004630726,0.67197401,0.0014395,110.7
AGE_INFLATION_2010,fourth_loading,90,0.0135,0.0049761854,0.71021637,0.0014395,110.7
AGE_INFLATION_2010,fourth_loading,90,0.014,0.005341305,0.75063512,0.0014395,110.7
AGE_INFLATION_2010,fourth_loading,90,0.0145,0.0057272038,0.79335411,0.0014395,110.7
AGE_INFLATION_2010,fourth_loading,90,0.015,0.0061350643,0.83850427,0.0014395,110.7
AGE_INFLATION_2010,fourth_loading,90,0.0155,0.0065661363,0.88622394,0.0014395,110.7
AGE_INFLATION_2010,fourth_loading,90,0.016,0.0070217408,0.93665936,0.0014395,110.7
AGE_INFLATION_2010,fourth_loading,90,0.0165,0.007503274,0.98996508,0.0014395,110.7
AGE_INFLATION_2010,fourth_loading,90,0.017,0.0080122115,1.0463045,0.0014395,110.7
AGE_INFLATION_2010,fourth_loading,90,0.0175,0.0085501128,1.1058501,0.0014395,110.7
AGE_INFLATION_2010,fourth_loading,90,0.018,0.0091186263,1.1687846,0.0014395,110.7
AGE_INFLATION_2010,fourth_loading,90,0.0185,0.0097194942,1.2353007,0.0014395,110.7
AGE_INFLATION_2010,fourth_loading,90,0.019,0.010354558,1.3056022,0.0014395,110.7
AGE_INFLATION_2010,fourth_loading,90,0.0195,0.011025763,1.3799046,0.0014395,110.7
AGE_INFLATION_2010,fourth_loading,90,0.02,0.011735167,1.4584357,0.0014395,110.7
AGE_INFLATION_2010,fourth_loading,90,0.0205,0.012484944,1.5414359,0.0014395,110.7
AGE_INFLATION_2010,fourth_loading,90,0.021,0.01327739,1.6291598,0.0014395,110.7
AGE_INFLATION_2010,fourth_loading,90,0.0215,0.014114935,1.721876,0.0014395,110.7
AGE_INFLATION_2010,fourth_loading,90,0.022,0.015000146,1.8198688,0.0014395,110.7
AGE_INFLATION_2010,fourth_loading,90,0.0225,0.015935734,1.9234384,0.0014395,110.7
AGE_INFLATION_2010,fourth_loading,90,0.023,0.016924566,2.0329021,0.0014395,110.7
AGE_INFLATION_2010,fourth_loading,90,0.0235,0.017969674,2.1485955,0.0014395,110.7
AGE_INFLATION_2010,fourth_loading,90,0.024,0.019074259,2.2708731,0.0014395,110.7
AGE_INFLATION_2010,fourth_loading,90,0.0245,0.020241707,2.4001096,0.0014395,110.7
AGE_INFLATION_2010,fourth_loading,90,0.025,0.021475594,2.5367009,0.0014395,110.7
AGE_INFLATION_2010,fourth_loading,90,0.0255,0.022779703,2.6810658,0.0014395,110.7
AGE_INFLATION_2010,fourth_loading,90,0.026,0.024158029,2.8336465,0.0014395,110.7
AGE_INFLATION_2010,fourth_loading,90,0.0265,0.025614797,2.9949106,0.0014395,110.7
AGE_INFLATION_2010,fourth_loading,90,0.027,0.027154469,3.1653524,0.0014395,110.7
AGE_INFLATION_2010,fourth_loading,90,0.0275,0.028781765,3.3454941,0.0014395,110.7
AGE_INFLATION_2010,fourth_loading,90,0.028,0.030501672,3.5358877,0.0014395,110.7
AGE_INFLATION_2010,fourth_loading,90,0.0285,0.032319459,3.7371168,0.0014395,110.7
AGE_INFLATION_2010,fourth_loading,90,0.029,0.034240697,3.9497978,0.0014395,110.7
AGE_INFLATION_2010,fourth_loading,90,0.0295,0.036271274,4.1745827,0.0014395,110.7
AGE_INFLATION_2010,fourth_loading,90,0.03,0.038417412,4.4121601,0.0014395,110.7
AGE_INFLATION_2010,fourth_loading,100,0,0,0.172216,0.00152,113.3
AGE_INFLATION_2010,fourth_loading,100,0.0005,8.8593725e-05,0.18225367,0.00152,113.3
AGE_INFLATION_2010,fourth_loading,100,0.001,0.00018235117,0.19287639,0.00152,113.3
AGE_INFLATION_2010,fourth_loading,100,0.0015,0.00028157329,0.20411825,0.00152,113.3
AGE_INFLATION_2010,fourth_loading,100,0.002,0.00038657862,0.21601536,0.00152,113.3
AGE_INFLATION_2010,fourth_loading,100,0.0025,0.00049770421,0.22860589,0.00152,113.3
AGE_INFLATION_2010,fourth_loading,100,0.003,0.0006153068,0.24193026,0.00152,113.3
AGE_INFLATION_2010,fourth_loading,100,0.0035,0.00073976389,0.25603125,0.00152,113.3
AGE_INFLATION_2010,fourth_loading,100,0.004,0.00087147501,0.27095412,0.00152,113.3
AGE_INFLATION_2010,fourth_loading,100,0.0045,0.001010863,0.28674677,0.00152,113.3
AGE_INFLATION_2010,fourth_loading,100,0.005,0.0011583752,0.30345991,0.00152,113.3
AGE_INFLATION_2010,fourth_loading,100,0.0055,0.0013144852,0.32114717,0.00152,113.3
AGE_INFLATION_2010,fourth_loading,100,0.006,0.0014796942,0.33986535,0.00152,113.3
AGE_INFLATION_2010,fourth_loading,100,0.0065,0.0016545324,0.35967452,0.00152,113.3
AGE_INFLATION_2010,fourth_loading,100,0.007,0.0018395611,0.38063827,0.00152,113.3
AGE_INFLATION_2010,fourth_loading,100,0.0075,0.0020353743,0.4028239,0.00152,113.3
AGE_INFLATION_2010,fourth_loading,100,0.008,0.0022426005,0.42630263,0.00152,113.3
AGE_INFLATION_2010,fourth_loading,100,0.0085,0.0024619049,0.45114983,0.00152,113.3
AGE_INFLATION_2010,fourth_loading,100,0.009,0.0026939917,0.47744525,0.00152,113.3
AGE_INFLATION_2010,fourth_loading,100,0.0095,0.0029396056,0.50527332,0.00152,113.3
AGE_INFLATION_2010,fourth_loading,100,0.01,0.0031995353,0.53472335,0.00152,113.3
AGE_INFLATION_2010,fourth_loading,100,0.0105,0.003474615,0.56588988,0.00152,113.3
AGE_INFLATION_2010,fourth_loading,100,0.011,0.0037657279,0.59887297,0.00152,113.3
AGE_INFLATION_2010,fourth_loading,100,0.0115,0.0040738084,0.63377849,0.00152,113.3
AGE_INFLATION_2010,fourth_loading,100,0.012,0.0043998454,0.67071848,0.00152,113.3
AGE_INFLATION_2010,fourth_loading,100,0.0125,0.0047448856,0.70981154,0.00152,113.3
AGE_INFLATION_2010,fourth_loading,100,0.013,0.0051100367,0.75118315,0.00152,113.3
AGE_INFLATION_2010,fourth_loading,100,0.0135,0.0054964706,0.79496612,0.00152,113.3
AGE_INFLATION_2010,fourth_loading,100,0.014,0.0059054281,0.841301,0.00152,113.3
AGE_INFLATION_2010,fourth_loading,100,0.0145,0.0063382217,0.89033652,0.00152,113.3
AGE_INFLATION_2010,fourth_loading,100,0.015,0.0067962409,0.94223009,0.00152,113.3
AGE_INFLATION_2010,fourth_loading,100,0.0155,0.0072809558,0.9971483,0.00152,113.3
AGE_INFLATION_2010,fourth_loading,100,0.016,0.0077939226,1.0552674,0.00152,113.3
AGE_INFLATION_2010,fourth_loading,100,0.0165,0.0083367878,1.1167741,0.00152,113.3
AGE_INFLATION_2010,fourth_loading,100,0.017,0.0089112941,1.1818656,0.00152,113.3
AGE_INFLATION_2010,fourth_loading,100,0.0175,0.0095192857,1.2507511,0.00152,113.3
AGE_INFLATION_2010,fourth_loading,100,0.018,0.010162714,1.3236515,0.00152,113.3
AGE_INFLATION_2010,fourth_loading,100,0.0185,0.010843645,1.400801,0.00152,113.3
AGE_INFLATION_2010,fourth_loading,100,0.019,0.011564265,1.4824472,0.00152,113.3
AGE_INFLATION_2010,fourth_loading,100,0.0195,0.012326886,1.5688521,0.00152,113.3
AGE_INFLATION_2010,fourth_loading,100,0.02,0.013133956,1.6602932,0.00152,113.3
AGE_INFLATION_2010,fourth_loading,100,0.0205,0.013988067,1.757064,0.00152,113.3
AGE_INFLATION_2010,fourth_loading,100,0.021,0.01489196,1.8594751,0.00152,113.3
AGE_INFLATION_2010,fourth_loading,100,0.0215,0.015848537,1.9678552,0.00152,113.3
AGE_INFLATION_2010,fourth_loading,100,0.022,0.016860868,2.0825523,0.00152,113.3
AGE_INFLATION_2010,fourth_loading,100,0.0225,0.017932203,2.2039346,0.00152,113.3
AGE_INFLATION_2010,fourth_loading,100,0.023,0.019065982,2.3323917,0.00152,113.3
AGE_INFLATION_2010,fourth_loading,100,0.0235,0.020265843,2.468336,0.00152,113.3
AGE_INFLATION_2010,fourth_loading,100,0.024,0.021535638,2.6122038,0.00152,113.3
AGE_INFLATION_2010,fourth_loading,100,0.0245,0.022879444,2.764457,0.00152,113.3
AGE_INFLATION_2010,fourth_loading,100,0.025,0.024301574,2.9255843,0.00152,113.3
AGE_INFLATION_2010,fourth_loading,100,0.0255,0.025806593,3.096103,0.00152,113.3
AGE_INFLATION_2010,fourth_loading,100,0.026,0.027399333,3.2765604,0.00152,113.3
AGE_INFLATION_2010,fourth_loading,100,0.0265,0.029084906,3.4675359,0.00152,113.3
AGE_INFLATION_2010,fourth_loading,100,0.027,0.030868724,3.6696424,0.00152,113.3
AGE_INFLATION_2010,fourth_loading,100,0.0275,0.032756512,3.8835288,0.00152,113.3
AGE_INFLATION_2010,fourth_loading,100,0.028,0.03475433,4.1098816,0.00152,113.3
AGE_INFLATION_2010,fourth_loading,100,0.0285,0.036868592,4.3494275,0.00152,113.3
AGE_INFLATION_2010,fourth_loading,100,0.029,0.039106084,4.6029354,0.00152,113.3
AGE_INFLATION_2010,fourth_loading,100,0.0295,0.04147399,4.871219,0.00152,113.3
AGE_INFLATION_2010,fourth_loading,100,0.03,0.043979909,5.1551397,0.00152,113.3
