source_id,treatment,fit_range,strategy,metric,n,mean,sd,ci95_low,ci95_high
PORCINE_DRYAD_2020,control_PBS,strain_0_to_0p03,mr_free_nonnegative,c10_mpa,7,0.0097287589,0.0031340704,0.007407007,0.012050511
PORCINE_DRYAD_2020,control_PBS,strain_0_to_0p03,mr_free_nonnegative,c01_mpa,7,0,0,0,0
PORCINE_DRYAD_2020,control_PBS,strain_0_to_0p03,mr_free_nonnegative,c10_over_current_model,7,0.11792435,0.037988733,0.089781903,0.1460668
PORCINE_DRYAD_2020,control_PBS,strain_0_to_0p03,mr_free_nonnegative,equivalent_base_material_scale,7,0.088443262,0.02849155,0.067336427,0.1095501
PORCINE_DRYAD_2020,control_PBS,strain_0_to_0p03,mr_free_nonnegative,mr_small_strain_e_mpa,7,0.058372553,0.018804423,0.044442042,0.072303064
PORCINE_DRYAD_2020,control_PBS,strain_0_to_0p03,mr_free_nonnegative,nrmse_span_percent,7,7.5202515,1.8439932,6.1542022,8.8863008
PORCINE_DRYAD_2020,control_PBS,strain_0_to_0p03,mr_free_nonnegative,fit_end_strain,7,0.03,0,0.03,0.03
PORCINE_DRYAD_2020,control_PBS,strain_0_to_0p03,mr_fixed_current_ratio,c10_mpa,7,0.0079581176,0.002563266,0.0060592236,0.0098570116
PORCINE_DRYAD_2020,control_PBS,strain_0_to_0p03,mr_fixed_current_ratio,c01_mpa,7,0.0018086631,0.00058256045,0.0013770963,0.0022402299
PORCINE_DRYAD_2020,control_PBS,strain_0_to_0p03,mr_fixed_current_ratio,c10_over_current_model,7,0.096462032,0.031069891,0.073445135,0.11947893
PORCINE_DRYAD_2020,control_PBS,strain_0_to_0p03,mr_fixed_current_ratio,equivalent_base_material_scale,7,0.072346524,0.023302418,0.055083851,0.089609197
PORCINE_DRYAD_2020,control_PBS,strain_0_to_0p03,mr_fixed_current_ratio,mr_small_strain_e_mpa,7,0.058600684,0.018874959,0.044617919,0.072583449
PORCINE_DRYAD_2020,control_PBS,strain_0_to_0p03,mr_fixed_current_ratio,nrmse_span_percent,7,7.5675787,1.8402537,6.2042997,8.9308577
PORCINE_DRYAD_2020,control_PBS,strain_0_to_0p03,mr_fixed_current_ratio,fit_end_strain,7,0.03,0,0.03,0.03
PORCINE_DRYAD_2020,control_PBS,strain_0_to_0p03,mr_small_strain_conversion,c10_mpa,7,0.0043534392,0.00092915943,0.0036651082,0.0050417701
PORCINE_DRYAD_2020,control_PBS,strain_0_to_0p03,mr_small_strain_conversion,c01_mpa,7,0.00098941799,0.0002111726,0.00083297914,0.0011458568
PORCINE_DRYAD_2020,control_PBS,strain_0_to_0p03,mr_small_strain_conversion,c10_over_current_model,7,0.052768959,0.011262539,0.044425554,0.061112365
PORCINE_DRYAD_2020,control_PBS,strain_0_to_0p03,mr_small_strain_conversion,equivalent_base_material_scale,7,0.03957672,0.0084469039,0.033319166,0.045834274
PORCINE_DRYAD_2020,control_PBS,strain_0_to_0p03,mr_small_strain_conversion,mr_small_strain_e_mpa,7,0.032057143,0.0068419922,0.026988524,0.037125762
PORCINE_DRYAD_2020,control_PBS,strain_0_to_0p03,mr_small_strain_conversion,nrmse_span_percent,7,20.99542,3.4381036,18.448438,23.542403
PORCINE_DRYAD_2020,control_PBS,strain_0_to_0p03,mr_small_strain_conversion,fit_end_strain,7,0.03,0,0.03,0.03
PORCINE_DRYAD_2020,control_PBS,strain_0_to_0p03,mr_free_unconstrained,c10_mpa,7,0.30828951,0.19670793,0.16256624,0.45401278
PORCINE_DRYAD_2020,control_PBS,strain_0_to_0p03,mr_free_unconstrained,c01_mpa,7,-0.30527987,0.19817685,-0.45209134,-0.15846841
PORCINE_DRYAD_2020,control_PBS,strain_0_to_0p03,mr_free_unconstrained,c10_over_current_model,7,3.7368426,2.3843385,1.9704999,5.5031852
PORCINE_DRYAD_2020,control_PBS,strain_0_to_0p03,mr_free_unconstrained,equivalent_base_material_scale,7,2.8026319,1.7882539,1.4778749,4.1273889
PORCINE_DRYAD_2020,control_PBS,strain_0_to_0p03,mr_free_unconstrained,mr_small_strain_e_mpa,7,0.018057828,0.011453677,0.0095728256,0.026542831
PORCINE_DRYAD_2020,control_PBS,strain_0_to_0p03,mr_free_unconstrained,nrmse_span_percent,7,1.2936798,0.61774651,0.83604674,1.7513128
PORCINE_DRYAD_2020,control_PBS,strain_0_to_0p03,mr_free_unconstrained,fit_end_strain,7,0.03,0,0.03,0.03
PORCINE_DRYAD_2020,control_PBS,stress_0_to_0p03mpa,mr_free_nonnegative,c10_mpa,7,0.036402142,0.0065897573,0.031520382,0.041283903
PORCINE_DRYAD_2020,control_PBS,stress_0_to_0p03mpa,mr_free_nonnegative,c01_mpa,7,0,0,0,0
PORCINE_DRYAD_2020,control_PBS,stress_0_to_0p03mpa,mr_free_nonnegative,c10_over_current_model,7,0.44123809,0.079875846,0.38206523,0.50041094
PORCINE_DRYAD_2020,control_PBS,stress_0_to_0p03mpa,mr_free_nonnegative,equivalent_base_material_scale,7,0.33092857,0.059906884,0.28654893,0.37530821
PORCINE_DRYAD_2020,control_PBS,stress_0_to_0p03mpa,mr_free_nonnegative,mr_small_strain_e_mpa,7,0.21841285,0.039538544,0.18912229,0.24770342
PORCINE_DRYAD_2020,control_PBS,stress_0_to_0p03mpa,mr_free_nonnegative,nrmse_span_percent,7,14.678509,0.41977828,14.367533,14.989485
PORCINE_DRYAD_2020,control_PBS,stress_0_to_0p03mpa,mr_free_nonnegative,fit_end_strain,7,0.074484554,0.013147736,0.064744575,0.084224534
PORCINE_DRYAD_2020,control_PBS,stress_0_to_0p03mpa,mr_fixed_current_ratio,c10_mpa,7,0.029913624,0.0053665251,0.025938047,0.033889202
PORCINE_DRYAD_2020,control_PBS,stress_0_to_0p03mpa,mr_fixed_current_ratio,c01_mpa,7,0.0067985509,0.0012196648,0.0058950106,0.0077020913
PORCINE_DRYAD_2020,control_PBS,stress_0_to_0p03mpa,mr_fixed_current_ratio,c10_over_current_model,7,0.36258938,0.065048789,0.31440057,0.4107782
PORCINE_DRYAD_2020,control_PBS,stress_0_to_0p03mpa,mr_fixed_current_ratio,equivalent_base_material_scale,7,0.27194204,0.048786592,0.23580042,0.30808365
PORCINE_DRYAD_2020,control_PBS,stress_0_to_0p03mpa,mr_fixed_current_ratio,mr_small_strain_e_mpa,7,0.22027305,0.039517139,0.19099834,0.24954776
PORCINE_DRYAD_2020,control_PBS,stress_0_to_0p03mpa,mr_fixed_current_ratio,nrmse_span_percent,7,14.74901,0.41090567,14.444607,15.053413
PORCINE_DRYAD_2020,control_PBS,stress_0_to_0p03mpa,mr_fixed_current_ratio,fit_end_strain,7,0.074484554,0.013147736,0.064744575,0.084224534
PORCINE_DRYAD_2020,control_PBS,stress_0_to_0p03mpa,mr_small_strain_conversion,c10_mpa,7,0.0043534392,0.00092915943,0.0036651082,0.0050417701
PORCINE_DRYAD_2020,control_PBS,stress_0_to_0p03mpa,mr_small_strain_conversion,c01_mpa,7,0.00098941799,0.0002111726,0.00083297914,0.0011458568
PORCINE_DRYAD_2020,control_PBS,stress_0_to_0p03mpa,mr_small_strain_conversion,c10_over_current_model,7,0.052768959,0.011262539,0.044425554,0.061112365
PORCINE_DRYAD_2020,control_PBS,stress_0_to_0p03mpa,mr_small_strain_conversion,equivalent_base_material_scale,7,0.03957672,0.0084469039,0.033319166,0.045834274
PORCINE_DRYAD_2020,control_PBS,stress_0_to_0p03mpa,mr_small_strain_conversion,mr_small_strain_e_mpa,7,0.032057143,0.0068419922,0.026988524,0.037125762
PORCINE_DRYAD_2020,control_PBS,stress_0_to_0p03mpa,mr_small_strain_conversion,nrmse_span_percent,7,29.886379,0.14546577,29.778616,29.994142
PORCINE_DRYAD_2020,control_PBS,stress_0_to_0p03mpa,mr_small_strain_conversion,fit_end_strain,7,0.074484554,0.013147736,0.064744575,0.084224534
PORCINE_DRYAD_2020,control_PBS,stress_0_to_0p03mpa,mr_free_unconstrained,c10_mpa,7,1.3148524,0.57228381,0.89089863,1.7388062
PORCINE_DRYAD_2020,control_PBS,stress_0_to_0p03mpa,mr_free_unconstrained,c01_mpa,7,-1.3450573,0.58012412,-1.7748192,-0.9152953
PORCINE_DRYAD_2020,control_PBS,stress_0_to_0p03mpa,mr_free_unconstrained,c10_over_current_model,7,15.937605,6.9367735,10.798771,21.076439
PORCINE_DRYAD_2020,control_PBS,stress_0_to_0p03mpa,mr_free_unconstrained,equivalent_base_material_scale,7,11.953204,5.2025801,8.0990785,15.807329
PORCINE_DRYAD_2020,control_PBS,stress_0_to_0p03mpa,mr_free_unconstrained,mr_small_strain_e_mpa,7,-0.18122909,0.048875148,-0.21743631,-0.14502188
PORCINE_DRYAD_2020,control_PBS,stress_0_to_0p03mpa,mr_free_unconstrained,nrmse_span_percent,7,5.0019228,0.39043723,4.7126828,5.2911627
PORCINE_DRYAD_2020,control_PBS,stress_0_to_0p03mpa,mr_free_unconstrained,fit_end_strain,7,0.074484554,0.013147736,0.064744575,0.084224534
PORCINE_DRYAD_2020,CXL,strain_0_to_0p03,mr_free_nonnegative,c10_mpa,7,0.025847092,0.021726609,0.0097517951,0.04194239
PORCINE_DRYAD_2020,CXL,strain_0_to_0p03,mr_free_nonnegative,c01_mpa,7,0,0,0,0
PORCINE_DRYAD_2020,CXL,strain_0_to_0p03,mr_free_nonnegative,c10_over_current_model,7,0.31329809,0.26335284,0.11820358,0.5083926
PORCINE_DRYAD_2020,CXL,strain_0_to_0p03,mr_free_nonnegative,equivalent_base_material_scale,7,0.23497357,0.19751463,0.088652683,0.38129445
PORCINE_DRYAD_2020,CXL,strain_0_to_0p03,mr_free_nonnegative,mr_small_strain_e_mpa,7,0.15508255,0.13035965,0.058510771,0.25165434
PORCINE_DRYAD_2020,CXL,strain_0_to_0p03,mr_free_nonnegative,nrmse_span_percent,7,10.488493,2.3544251,8.7443102,12.232675
PORCINE_DRYAD_2020,CXL,strain_0_to_0p03,mr_free_nonnegative,fit_end_strain,7,0.03,0,0.03,0.03
PORCINE_DRYAD_2020,CXL,strain_0_to_0p03,mr_fixed_current_ratio,c10_mpa,7,0.021140079,0.017768698,0.0079768438,0.034303314
PORCINE_DRYAD_2020,CXL,strain_0_to_0p03,mr_fixed_current_ratio,c01_mpa,7,0.0048045634,0.0040383404,0.001812919,0.0077962078
PORCINE_DRYAD_2020,CXL,strain_0_to_0p03,mr_fixed_current_ratio,c10_over_current_model,7,0.25624338,0.21537815,0.096689015,0.41579775
PORCINE_DRYAD_2020,CXL,strain_0_to_0p03,mr_fixed_current_ratio,equivalent_base_material_scale,7,0.19218254,0.16153361,0.072516761,0.31184831
PORCINE_DRYAD_2020,CXL,strain_0_to_0p03,mr_fixed_current_ratio,mr_small_strain_e_mpa,7,0.15566786,0.13084223,0.058738577,0.25259713
PORCINE_DRYAD_2020,CXL,strain_0_to_0p03,mr_fixed_current_ratio,nrmse_span_percent,7,10.529342,2.3485743,8.7894943,12.269191
PORCINE_DRYAD_2020,CXL,strain_0_to_0p03,mr_fixed_current_ratio,fit_end_strain,7,0.03,0,0.03,0.03
PORCINE_DRYAD_2020,CXL,strain_0_to_0p03,mr_small_strain_conversion,c10_mpa,7,0.0072227513,0.0049353903,0.0035665631,0.01087894
PORCINE_DRYAD_2020,CXL,strain_0_to_0p03,mr_small_strain_conversion,c01_mpa,7,0.0016415344,0.0011216796,0.00081058251,0.0024724863
PORCINE_DRYAD_2020,CXL,strain_0_to_0p03,mr_small_strain_conversion,c10_over_current_model,7,0.087548501,0.059822912,0.043231067,0.13186593
PORCINE_DRYAD_2020,CXL,strain_0_to_0p03,mr_small_strain_conversion,equivalent_base_material_scale,7,0.065661376,0.044867184,0.032423301,0.098899451
PORCINE_DRYAD_2020,CXL,strain_0_to_0p03,mr_small_strain_conversion,mr_small_strain_e_mpa,7,0.053185714,0.036342419,0.026262873,0.080108555
PORCINE_DRYAD_2020,CXL,strain_0_to_0p03,mr_small_strain_conversion,nrmse_span_percent,7,25.819218,2.7613608,23.773574,27.864863
PORCINE_DRYAD_2020,CXL,strain_0_to_0p03,mr_small_strain_conversion,fit_end_strain,7,0.03,0,0.03,0.03
PORCINE_DRYAD_2020,CXL,strain_0_to_0p03,mr_free_unconstrained,c10_mpa,7,1.3993183,1.5069093,0.28298432,2.5156524
PORCINE_DRYAD_2020,CXL,strain_0_to_0p03,mr_free_unconstrained,c01_mpa,7,-1.4043813,1.5196194,-2.5301311,-0.27863143
PORCINE_DRYAD_2020,CXL,strain_0_to_0p03,mr_free_unconstrained,c10_over_current_model,7,16.961434,18.265567,3.430113,30.492756
PORCINE_DRYAD_2020,CXL,strain_0_to_0p03,mr_free_unconstrained,equivalent_base_material_scale,7,12.721076,13.699175,2.5725847,22.869567
PORCINE_DRYAD_2020,CXL,strain_0_to_0p03,mr_free_unconstrained,mr_small_strain_e_mpa,7,-0.030377572,0.085812342,-0.093948245,0.0331931
PORCINE_DRYAD_2020,CXL,strain_0_to_0p03,mr_free_unconstrained,nrmse_span_percent,7,2.4730838,1.2506907,1.5465591,3.3996084
PORCINE_DRYAD_2020,CXL,strain_0_to_0p03,mr_free_unconstrained,fit_end_strain,7,0.03,0,0.03,0.03
PORCINE_DRYAD_2020,CXL,stress_0_to_0p03mpa,mr_free_nonnegative,c10_mpa,7,0.054218617,0.017130179,0.041528402,0.066908831
PORCINE_DRYAD_2020,CXL,stress_0_to_0p03mpa,mr_free_nonnegative,c01_mpa,7,0,0,0,0
PORCINE_DRYAD_2020,CXL,stress_0_to_0p03mpa,mr_free_nonnegative,c10_over_current_model,7,0.65719535,0.20763853,0.50337457,0.81101613
PORCINE_DRYAD_2020,CXL,stress_0_to_0p03mpa,mr_free_nonnegative,equivalent_base_material_scale,7,0.49289651,0.1557289,0.37753093,0.6082621
PORCINE_DRYAD_2020,CXL,stress_0_to_0p03mpa,mr_free_nonnegative,mr_small_strain_e_mpa,7,0.3253117,0.10278107,0.24917041,0.40145299
PORCINE_DRYAD_2020,CXL,stress_0_to_0p03mpa,mr_free_nonnegative,nrmse_span_percent,7,14.582127,1.0332542,13.816681,15.347572
PORCINE_DRYAD_2020,CXL,stress_0_to_0p03mpa,mr_free_nonnegative,fit_end_strain,7,0.051657612,0.011811069,0.04290785,0.060407374
PORCINE_DRYAD_2020,CXL,stress_0_to_0p03mpa,mr_fixed_current_ratio,c10_mpa,7,0.044434646,0.013974392,0.034082272,0.05478702
PORCINE_DRYAD_2020,CXL,stress_0_to_0p03mpa,mr_fixed_current_ratio,c01_mpa,7,0.010098783,0.0031759981,0.0077459708,0.012451595
PORCINE_DRYAD_2020,CXL,stress_0_to_0p03mpa,mr_fixed_current_ratio,c10_over_current_model,7,0.53860177,0.16938656,0.41311844,0.66408509
PORCINE_DRYAD_2020,CXL,stress_0_to_0p03mpa,mr_fixed_current_ratio,equivalent_base_material_scale,7,0.40395133,0.12703992,0.30983883,0.49806382
PORCINE_DRYAD_2020,CXL,stress_0_to_0p03mpa,mr_fixed_current_ratio,mr_small_strain_e_mpa,7,0.32720057,0.10290234,0.25096945,0.40343169
PORCINE_DRYAD_2020,CXL,stress_0_to_0p03mpa,mr_fixed_current_ratio,nrmse_span_percent,7,14.632032,1.0297037,13.869217,15.394847
PORCINE_DRYAD_2020,CXL,stress_0_to_0p03mpa,mr_fixed_current_ratio,fit_end_strain,7,0.051657612,0.011811069,0.04290785,0.060407374
PORCINE_DRYAD_2020,CXL,stress_0_to_0p03mpa,mr_small_strain_conversion,c10_mpa,7,0.0072227513,0.0049353903,0.0035665631,0.01087894
PORCINE_DRYAD_2020,CXL,stress_0_to_0p03mpa,mr_small_strain_conversion,c01_mpa,7,0.0016415344,0.0011216796,0.00081058251,0.0024724863
PORCINE_DRYAD_2020,CXL,stress_0_to_0p03mpa,mr_small_strain_conversion,c10_over_current_model,7,0.087548501,0.059822912,0.043231067,0.13186593
PORCINE_DRYAD_2020,CXL,stress_0_to_0p03mpa,mr_small_strain_conversion,equivalent_base_material_scale,7,0.065661376,0.044867184,0.032423301,0.098899451
PORCINE_DRYAD_2020,CXL,stress_0_to_0p03mpa,mr_small_strain_conversion,mr_small_strain_e_mpa,7,0.053185714,0.036342419,0.026262873,0.080108555
PORCINE_DRYAD_2020,CXL,stress_0_to_0p03mpa,mr_small_strain_conversion,nrmse_span_percent,7,29.542107,0.27461892,29.338667,29.745548
PORCINE_DRYAD_2020,CXL,stress_0_to_0p03mpa,mr_small_strain_conversion,fit_end_strain,7,0.051657612,0.011811069,0.04290785,0.060407374
PORCINE_DRYAD_2020,CXL,stress_0_to_0p03mpa,mr_free_unconstrained,c10_mpa,7,2.8475216,1.6143945,1.6515614,4.0434817
PORCINE_DRYAD_2020,CXL,stress_0_to_0p03mpa,mr_free_unconstrained,c01_mpa,7,-2.8894829,1.625047,-4.0933346,-1.6856312
PORCINE_DRYAD_2020,CXL,stress_0_to_0p03mpa,mr_free_unconstrained,c10_over_current_model,7,34.515413,19.568418,20.018926,49.011899
PORCINE_DRYAD_2020,CXL,stress_0_to_0p03mpa,mr_free_unconstrained,equivalent_base_material_scale,7,25.88656,14.676313,15.014195,36.758925
PORCINE_DRYAD_2020,CXL,stress_0_to_0p03mpa,mr_free_unconstrained,mr_small_strain_e_mpa,7,-0.2517681,0.092078185,-0.31998057,-0.18355562
PORCINE_DRYAD_2020,CXL,stress_0_to_0p03mpa,mr_free_unconstrained,nrmse_span_percent,7,4.9759195,0.93233317,4.2852374,5.6666015
PORCINE_DRYAD_2020,CXL,stress_0_to_0p03mpa,mr_free_unconstrained,fit_end_strain,7,0.051657612,0.011811069,0.04290785,0.060407374
