source_id,pair_id,treatment,source_ogden_mu_mpa,source_ogden_alpha,fit_range,fit_end_strain,strategy,c10_mpa,c01_mpa,c01_over_c10,c10_over_current_model,equivalent_base_material_scale,mr_small_strain_e_mpa,ogden_small_strain_e_mpa,rmse_mpa,nrmse_span_percent,r_squared,max_abs_error_mpa,stability_flag,parameter_use
PORCINE_DRYAD_2020,1,control_PBS,0.0102,96.07,strain_0_to_0p03,0.03,mr_free_nonnegative,0.01363687,0,0,0.16529539,0.12397155,0.08182122,0.0306,0.00039462118,11.016546,0.83691869,0.0011267255,boundary_c01_zero,diagnostic_boundary_solution
PORCINE_DRYAD_2020,1,control_PBS,0.0102,96.07,strain_0_to_0p03,0.03,mr_fixed_current_ratio,0.011153845,0.0025349647,0.22727273,0.13519812,0.10139859,0.082132856,0.0306,0.00039605709,11.056632,0.83572972,0.0011306677,positive_coefficients,bounded_screening_approximation
PORCINE_DRYAD_2020,1,control_PBS,0.0102,96.07,strain_0_to_0p03,0.03,mr_small_strain_conversion,0.0041555556,0.00094444444,0.22727273,0.05037037,0.037777778,0.0306,0.0306,0.0009739956,27.190805,0.0065239512,0.0026687626,positive_coefficients,initial_tangent_only
PORCINE_DRYAD_2020,1,control_PBS,0.0102,96.07,strain_0_to_0p03,0.03,mr_free_unconstrained,0.65923805,-0.66013046,-1.0013537,7.9907643,5.9930732,-0.0053544504,0.0306,9.0568321e-05,2.5283744,0.99140994,0.00028087122,invalid_negative_initial_stiffness,reject_if_not_positive_stable
PORCINE_DRYAD_2020,1,control_PBS,0.0102,96.07,stress_0_to_0p03mpa,0.052890062,mr_free_nonnegative,0.04645213,0,0,0.56305612,0.42229209,0.27871278,0.0306,0.0045871273,15.290424,0.62998904,0.015245809,boundary_c01_zero,diagnostic_boundary_solution
PORCINE_DRYAD_2020,1,control_PBS,0.0102,96.07,stress_0_to_0p03mpa,0.052890062,mr_fixed_current_ratio,0.038084802,0.0086556369,0.22727273,0.46163397,0.34622548,0.28044264,0.0306,0.0046012835,15.337612,0.62770176,0.015292338,positive_coefficients,bounded_screening_approximation
PORCINE_DRYAD_2020,1,control_PBS,0.0102,96.07,stress_0_to_0p03mpa,0.052890062,mr_small_strain_conversion,0.0041555556,0.00094444444,0.22727273,0.05037037,0.037777778,0.0306,0.0306,0.0088721728,29.573909,-0.38418132,0.0283952,positive_coefficients,initial_tangent_only
PORCINE_DRYAD_2020,1,control_PBS,0.0102,96.07,stress_0_to_0p03mpa,0.052890062,mr_free_unconstrained,2.3843742,-2.4305883,-1.0193821,28.901505,21.676129,-0.27728472,0.0306,0.001679135,5.5971167,0.95042026,0.0058981999,invalid_negative_initial_stiffness,reject_if_not_positive_stable
PORCINE_DRYAD_2020,1,CXL,0.0403,112.54,strain_0_to_0p03,0.03,mr_free_nonnegative,0.069457487,0,0,0.84190894,0.6314317,0.41674492,0.1209,0.002461798,12.43052,0.78482891,0.0072984752,boundary_c01_zero,diagnostic_boundary_solution
PORCINE_DRYAD_2020,1,CXL,0.0403,112.54,strain_0_to_0p03,0.03,mr_fixed_current_ratio,0.056807116,0.012910708,0.22727273,0.68857111,0.51642833,0.41830695,0.1209,0.0024690486,12.467132,0.78355957,0.0073193078,positive_coefficients,bounded_screening_approximation
PORCINE_DRYAD_2020,1,CXL,0.0403,112.54,strain_0_to_0p03,0.03,mr_small_strain_conversion,0.016418519,0.0037314815,0.22727273,0.19901235,0.14925926,0.1209,0.1209,0.0056981388,28.771992,-0.1527766,0.016195977,positive_coefficients,initial_tangent_only
PORCINE_DRYAD_2020,1,CXL,0.0403,112.54,strain_0_to_0p03,0.03,mr_free_unconstrained,4.0623838,-4.0827872,-1.0050225,49.241015,36.930761,-0.1224208,0.1209,0.0006460591,3.2621892,0.98518084,0.0020670196,invalid_negative_initial_stiffness,reject_if_not_positive_stable
PORCINE_DRYAD_2020,1,CXL,0.0403,112.54,stress_0_to_0p03mpa,0.033778898,mr_free_nonnegative,0.087358176,0,0,1.058887,0.79416524,0.52414906,0.1209,0.0040204268,13.401423,0.7419317,0.012288309,boundary_c01_zero,diagnostic_boundary_solution
PORCINE_DRYAD_2020,1,CXL,0.0403,112.54,stress_0_to_0p03mpa,0.033778898,mr_fixed_current_ratio,0.071476499,0.016244659,0.22727273,0.86638181,0.64978635,0.52632695,0.1209,0.0040318435,13.439478,0.74046396,0.012322333,positive_coefficients,bounded_screening_approximation
PORCINE_DRYAD_2020,1,CXL,0.0403,112.54,stress_0_to_0p03mpa,0.033778898,mr_small_strain_conversion,0.016418519,0.0037314815,0.22727273,0.19901235,0.14925926,0.1209,0.1209,0.0088505619,29.501873,-0.25063916,0.025939349,positive_coefficients,initial_tangent_only
PORCINE_DRYAD_2020,1,CXL,0.0403,112.54,stress_0_to_0p03mpa,0.033778898,mr_free_unconstrained,5.1997712,-5.2419384,-1.0081094,63.02753,47.270647,-0.25300346,0.1209,0.0011652007,3.8840025,0.97832337,0.0038224068,invalid_negative_initial_stiffness,reject_if_not_positive_stable
PORCINE_DRYAD_2020,2,control_PBS,0.01,57.3,strain_0_to_0p03,0.03,mr_free_nonnegative,0.0080381193,0,0,0.097431749,0.073073812,0.048228716,0.03,0.00011580431,6.6211318,0.94513281,0.00030172793,boundary_c01_zero,diagnostic_boundary_solution
PORCINE_DRYAD_2020,2,control_PBS,0.01,57.3,strain_0_to_0p03,0.03,mr_fixed_current_ratio,0.0065754394,0.0014944181,0.22727273,0.079702296,0.059776722,0.048419145,0.03,0.00011666428,6.6703004,0.94431489,0.00030385049,positive_coefficients,bounded_screening_approximation
PORCINE_DRYAD_2020,2,control_PBS,0.01,57.3,strain_0_to_0p03,0.03,mr_small_strain_conversion,0.0040740741,0.00092592593,0.22727273,0.049382716,0.037037037,0.03,0.03,0.00033877136,19.369312,0.53045564,0.00085360448,positive_coefficients,initial_tangent_only
PORCINE_DRYAD_2020,2,control_PBS,0.01,57.3,strain_0_to_0p03,0.03,mr_free_unconstrained,0.20052408,-0.19681787,-0.98151735,2.430595,1.8229462,0.022237293,0.03,1.7227753e-05,0.98499978,0.99878572,4.9536505e-05,conditional_negative_c01,reject_if_not_positive_stable
PORCINE_DRYAD_2020,2,control_PBS,0.01,57.3,stress_0_to_0p03mpa,0.080851358,mr_free_nonnegative,0.032921632,0,0,0.39905009,0.29928757,0.19752979,0.03,0.0043845198,14.615066,0.67776146,0.013997252,boundary_c01_zero,diagnostic_boundary_solution
PORCINE_DRYAD_2020,2,control_PBS,0.01,57.3,stress_0_to_0p03mpa,0.080851358,mr_fixed_current_ratio,0.027079347,0.006154397,0.22727273,0.32823451,0.24617588,0.19940246,0.03,0.0044075045,14.691682,0.6743741,0.014069318,positive_coefficients,bounded_screening_approximation
PORCINE_DRYAD_2020,2,control_PBS,0.01,57.3,stress_0_to_0p03mpa,0.080851358,mr_small_strain_conversion,0.0040740741,0.00092592593,0.22727273,0.049382716,0.037037037,0.03,0.03,0.008994184,29.980613,-0.35599141,0.027603237,positive_coefficients,initial_tangent_only
PORCINE_DRYAD_2020,2,control_PBS,0.01,57.3,stress_0_to_0p03mpa,0.080851358,mr_free_unconstrained,1.0149042,-1.0414131,-1.0261196,12.301869,9.2264021,-0.15905313,0.03,0.0014788398,4.9294659,0.96334142,0.0050188745,invalid_negative_initial_stiffness,reject_if_not_positive_stable
PORCINE_DRYAD_2020,2,CXL,0.0139,73.31,strain_0_to_0p03,0.03,mr_free_nonnegative,0.013563343,0,0,0.16440416,0.12330312,0.081380061,0.0417,0.00027359369,8.5959632,0.90501012,0.00074070308,boundary_c01_zero,diagnostic_boundary_solution
PORCINE_DRYAD_2020,2,CXL,0.0139,73.31,strain_0_to_0p03,0.03,mr_fixed_current_ratio,0.01109463,0.0025215069,0.22727273,0.13448037,0.10086028,0.081696824,0.0417,0.00027503638,8.6412905,0.9040057,0.00074442082,positive_coefficients,bounded_screening_approximation
PORCINE_DRYAD_2020,2,CXL,0.0139,73.31,strain_0_to_0p03,0.03,mr_small_strain_conversion,0.005662963,0.001287037,0.22727273,0.068641975,0.051481481,0.0417,0.0417,0.0007433885,23.356314,0.29871127,0.0019382012,positive_coefficients,initial_tangent_only
PORCINE_DRYAD_2020,2,CXL,0.0139,73.31,strain_0_to_0p03,0.03,mr_free_unconstrained,0.46569819,-0.46231015,-0.99272483,5.6448265,4.2336199,0.020328193,0.0417,4.9986318e-05,1.5705061,0.99682921,0.00014832466,conditional_negative_c01,reject_if_not_positive_stable
PORCINE_DRYAD_2020,2,CXL,0.0139,73.31,stress_0_to_0p03mpa,0.061455355,mr_free_nonnegative,0.043683089,0,0,0.52949199,0.39711899,0.26209854,0.0417,0.0043556134,14.518711,0.6828767,0.013873538,boundary_c01_zero,diagnostic_boundary_solution
PORCINE_DRYAD_2020,2,CXL,0.0139,73.31,stress_0_to_0p03mpa,0.061455355,mr_fixed_current_ratio,0.03585344,0.0081485091,0.22727273,0.43458715,0.32594036,0.26401169,0.0417,0.0043736603,14.578868,0.68024334,0.01392999,positive_coefficients,bounded_screening_approximation
PORCINE_DRYAD_2020,2,CXL,0.0139,73.31,stress_0_to_0p03mpa,0.061455355,mr_small_strain_conversion,0.005662963,0.001287037,0.22727273,0.068641975,0.051481481,0.0417,0.0417,0.0089737676,29.912559,-0.34610561,0.027461781,positive_coefficients,initial_tangent_only
PORCINE_DRYAD_2020,2,CXL,0.0139,73.31,stress_0_to_0p03mpa,0.061455355,mr_free_unconstrained,1.7184833,-1.7519053,-1.0194485,20.830101,15.622575,-0.20053173,0.0417,0.0014434115,4.8113715,0.9651735,0.0048933181,invalid_negative_initial_stiffness,reject_if_not_positive_stable
PORCINE_DRYAD_2020,3,control_PBS,0.0091,64.69,strain_0_to_0p03,0.03,mr_free_nonnegative,0.0079756989,0,0,0.096675138,0.072506354,0.047854193,0.0273,0.00013567082,7.5545367,0.92772018,0.00035984138,boundary_c01_zero,diagnostic_boundary_solution
PORCINE_DRYAD_2020,3,control_PBS,0.0091,64.69,strain_0_to_0p03,0.03,mr_fixed_current_ratio,0.0065242124,0.0014827755,0.22727273,0.079081362,0.059311021,0.048041927,0.0273,0.00013652193,7.6019293,0.92681045,0.00036198376,positive_coefficients,bounded_screening_approximation
PORCINE_DRYAD_2020,3,control_PBS,0.0091,64.69,strain_0_to_0p03,0.03,mr_small_strain_conversion,0.0037074074,0.00084259259,0.22727273,0.044938272,0.033703704,0.0273,0.0273,0.0003832952,21.342966,0.42308615,0.00098106555,positive_coefficients,initial_tangent_only
PORCINE_DRYAD_2020,3,control_PBS,0.0091,64.69,strain_0_to_0p03,0.03,mr_free_unconstrained,0.23291195,-0.22999845,-0.98749098,2.8231752,2.1173814,0.017481001,0.0273,2.232529e-05,1.2431356,0.99804279,6.5134209e-05,conditional_negative_c01,reject_if_not_positive_stable
PORCINE_DRYAD_2020,3,control_PBS,0.0091,64.69,stress_0_to_0p03mpa,0.074864843,mr_free_nonnegative,0.034375833,0,0,0.41667676,0.31250757,0.206255,0.0273,0.0044778946,14.926315,0.65738373,0.014531913,boundary_c01_zero,diagnostic_boundary_solution
PORCINE_DRYAD_2020,3,control_PBS,0.0091,64.69,stress_0_to_0p03mpa,0.074864843,mr_fixed_current_ratio,0.028255082,0.0064216095,0.22727273,0.34248584,0.25686438,0.20806015,0.0273,0.0044985054,14.995018,0.6542225,0.014597793,positive_coefficients,bounded_screening_approximation
PORCINE_DRYAD_2020,3,control_PBS,0.0091,64.69,stress_0_to_0p03mpa,0.074864843,mr_small_strain_conversion,0.0037074074,0.00084259259,0.22727273,0.044938272,0.033703704,0.0273,0.0273,0.0089617588,29.872529,-0.37229269,0.027979045,positive_coefficients,initial_tangent_only
PORCINE_DRYAD_2020,3,control_PBS,0.0091,64.69,stress_0_to_0p03mpa,0.074864843,mr_free_unconstrained,1.194548,-1.2252034,-1.0256628,14.47937,10.859528,-0.18393236,0.0273,0.0015679665,5.226555,0.95799182,0.0053953798,invalid_negative_initial_stiffness,reject_if_not_positive_stable
PORCINE_DRYAD_2020,3,CXL,0.0126,80.93,strain_0_to_0p03,0.03,mr_free_nonnegative,0.013594509,0,0,0.16478192,0.12358644,0.081567051,0.0378,0.00031339485,9.4636712,0.88323122,0.00086383251,boundary_c01_zero,diagnostic_boundary_solution
PORCINE_DRYAD_2020,3,CXL,0.0126,80.93,strain_0_to_0p03,0.03,mr_fixed_current_ratio,0.011119816,0.0025272309,0.22727273,0.13478565,0.10108924,0.081882281,0.0378,0.00031483631,9.5071994,0.88215459,0.0008676263,positive_coefficients,bounded_screening_approximation
PORCINE_DRYAD_2020,3,CXL,0.0126,80.93,strain_0_to_0p03,0.03,mr_small_strain_conversion,0.0051333333,0.0011666667,0.22727273,0.062222222,0.046666667,0.0378,0.0378,0.00082372449,24.874237,0.19330938,0.0021833448,positive_coefficients,initial_tangent_only
PORCINE_DRYAD_2020,3,CXL,0.0126,80.93,strain_0_to_0p03,0.03,mr_free_unconstrained,0.52988363,-0.52790822,-0.99627201,6.4228318,4.8171239,0.011852417,0.0378,6.2221923e-05,1.8789327,0.99539712,0.00018740039,conditional_negative_c01,reject_if_not_positive_stable
PORCINE_DRYAD_2020,3,CXL,0.0126,80.93,stress_0_to_0p03mpa,0.058080192,mr_free_nonnegative,0.044822081,0,0,0.54329795,0.40747346,0.26893248,0.0378,0.0044436357,14.812119,0.66423047,0.014363751,boundary_c01_zero,diagnostic_boundary_solution
PORCINE_DRYAD_2020,3,CXL,0.0126,80.93,stress_0_to_0p03mpa,0.058080192,mr_fixed_current_ratio,0.036772643,0.0083574188,0.22727273,0.445729,0.33429675,0.27078037,0.0378,0.0044601627,14.867209,0.6617282,0.014416349,positive_coefficients,bounded_screening_approximation
PORCINE_DRYAD_2020,3,CXL,0.0126,80.93,stress_0_to_0p03mpa,0.058080192,mr_small_strain_conversion,0.0051333333,0.0011666667,0.22727273,0.062222222,0.046666667,0.0378,0.0378,0.0089535691,29.84523,-0.36319117,0.027824576,positive_coefficients,initial_tangent_only
PORCINE_DRYAD_2020,3,CXL,0.0126,80.93,stress_0_to_0p03mpa,0.058080192,mr_free_unconstrained,1.9456711,-1.9835665,-1.0194768,23.583892,17.687919,-0.22737237,0.0378,0.0015256801,5.0856005,0.96041858,0.0052362059,invalid_negative_initial_stiffness,reject_if_not_positive_stable
PORCINE_DRYAD_2020,4,control_PBS,0.0144,75.52,strain_0_to_0p03,0.03,mr_free_nonnegative,0.014459094,0,0,0.17526174,0.13144631,0.086754563,0.0432,0.00030363921,8.8531076,0.89883764,0.00082635227,boundary_c01_zero,diagnostic_boundary_solution
PORCINE_DRYAD_2020,4,control_PBS,0.0144,75.52,strain_0_to_0p03,0.03,mr_fixed_current_ratio,0.011827248,0.0026880109,0.22727273,0.14336058,0.10752043,0.087091552,0.0432,0.00030517581,8.8979097,0.89781117,0.00083033624,positive_coefficients,bounded_screening_approximation
PORCINE_DRYAD_2020,4,control_PBS,0.0144,75.52,strain_0_to_0p03,0.03,mr_small_strain_conversion,0.0058666667,0.0013333333,0.22727273,0.071111111,0.053333333,0.0432,0.0432,0.00081702481,23.821721,0.26755721,0.0021403621,positive_coefficients,initial_tangent_only
PORCINE_DRYAD_2020,4,control_PBS,0.0144,75.52,strain_0_to_0p03,0.03,mr_free_unconstrained,0.51580334,-0.51262702,-0.99384199,6.2521617,4.6891213,0.019057938,0.0432,5.6876164e-05,1.6583194,0.99645053,0.00016950064,conditional_negative_c01,reject_if_not_positive_stable
PORCINE_DRYAD_2020,4,control_PBS,0.0144,75.52,stress_0_to_0p03mpa,0.059525447,mr_free_nonnegative,0.045119505,0,0,0.54690309,0.41017732,0.27071703,0.0432,0.0043538719,14.512906,0.68314877,0.013867484,boundary_c01_zero,diagnostic_boundary_solution
PORCINE_DRYAD_2020,4,control_PBS,0.0144,75.52,stress_0_to_0p03mpa,0.059525447,mr_fixed_current_ratio,0.037024285,0.0084146102,0.22727273,0.44877921,0.33658441,0.27263337,0.0432,0.0043714008,14.571336,0.6805923,0.013922316,positive_coefficients,bounded_screening_approximation
PORCINE_DRYAD_2020,4,control_PBS,0.0144,75.52,stress_0_to_0p03mpa,0.059525447,mr_small_strain_conversion,0.0058666667,0.0013333333,0.22727273,0.071111111,0.053333333,0.0432,0.0432,0.0089714892,29.904964,-0.34534352,0.027452418,positive_coefficients,initial_tangent_only
PORCINE_DRYAD_2020,4,control_PBS,0.0144,75.52,stress_0_to_0p03mpa,0.059525447,mr_free_unconstrained,1.827993,-1.8623829,-1.0188129,22.157491,16.618119,-0.20633926,0.0432,0.0014409582,4.8031938,0.96529382,0.0048852401,invalid_negative_initial_stiffness,reject_if_not_positive_stable
PORCINE_DRYAD_2020,4,CXL,0.0112,151.22,strain_0_to_0p03,0.03,mr_free_nonnegative,0.037701788,0,0,0.45699137,0.34274353,0.22621073,0.0336,0.001900794,14.709011,0.66959059,0.0061343512,boundary_c01_zero,diagnostic_boundary_solution
PORCINE_DRYAD_2020,4,CXL,0.0112,151.22,strain_0_to_0p03,0.03,mr_fixed_current_ratio,0.030831023,0.0070070506,0.22727273,0.37370936,0.28028202,0.22702844,0.0336,0.0019046353,14.738737,0.6682538,0.0061465595,positive_coefficients,bounded_screening_approximation
PORCINE_DRYAD_2020,4,CXL,0.0112,151.22,strain_0_to_0p03,0.03,mr_small_strain_conversion,0.004562963,0.001037037,0.22727273,0.055308642,0.041481481,0.0336,0.0336,0.0038448913,29.753119,-0.35191825,0.011919795,positive_coefficients,initial_tangent_only
PORCINE_DRYAD_2020,4,CXL,0.0112,151.22,strain_0_to_0p03,0.03,mr_free_unconstrained,3.0469044,-3.0769248,-1.0098528,36.932175,27.699131,-0.18012257,0.0336,0.00063872422,4.9426722,0.96269139,0.0021917515,invalid_negative_initial_stiffness,reject_if_not_positive_stable
PORCINE_DRYAD_2020,4,CXL,0.0112,151.22,stress_0_to_0p03mpa,0.035746543,mr_free_nonnegative,0.06500895,0,0,0.78798727,0.59099045,0.3900537,0.0336,0.0046963307,15.654436,0.5983131,0.016051195,boundary_c01_zero,diagnostic_boundary_solution
PORCINE_DRYAD_2020,4,CXL,0.0112,151.22,stress_0_to_0p03mpa,0.035746543,mr_fixed_current_ratio,0.053192311,0.012089162,0.22727273,0.64475529,0.48356646,0.39168884,0.0336,0.004705479,15.68493,0.59674662,0.016082245,positive_coefficients,bounded_screening_approximation
PORCINE_DRYAD_2020,4,CXL,0.0112,151.22,stress_0_to_0p03mpa,0.035746543,mr_small_strain_conversion,0.004562963,0.001037037,0.22727273,0.055308642,0.041481481,0.0336,0.0336,0.0087377887,29.125962,-0.3905077,0.028806102,positive_coefficients,initial_tangent_only
PORCINE_DRYAD_2020,4,CXL,0.0112,151.22,stress_0_to_0p03mpa,0.035746543,mr_free_unconstrained,5.2100116,-5.2829345,-1.0139967,63.151656,47.363742,-0.43753745,0.0336,0.0018138249,6.0460829,0.94008149,0.0065250105,invalid_negative_initial_stiffness,reject_if_not_positive_stable
PORCINE_DRYAD_2020,5,control_PBS,0.0082,57.65,strain_0_to_0p03,0.03,mr_free_nonnegative,0.0066175439,0,0,0.080212653,0.06015949,0.039705263,0.0246,9.6137452e-05,6.6660118,0.94435639,0.00025069862,boundary_c01_zero,diagnostic_boundary_solution
PORCINE_DRYAD_2020,5,control_PBS,0.0082,57.65,strain_0_to_0p03,0.03,mr_fixed_current_ratio,0.0054133568,0.0012303084,0.22727273,0.065616446,0.049212334,0.039861991,0.0246,9.6845353e-05,6.7150965,0.94353391,0.00025244746,positive_coefficients,bounded_screening_approximation
PORCINE_DRYAD_2020,5,control_PBS,0.0082,57.65,strain_0_to_0p03,0.03,mr_small_strain_conversion,0.0033407407,0.00075925926,0.22727273,0.040493827,0.03037037,0.0246,0.0246,0.00028076524,19.467797,0.52541196,0.00070797024,positive_coefficients,initial_tangent_only
PORCINE_DRYAD_2020,5,control_PBS,0.0082,57.65,strain_0_to_0p03,0.03,mr_free_unconstrained,0.16639557,-0.16337383,-0.98184006,2.016916,1.512687,0.018130401,0.0246,1.437441e-05,0.99669778,0.99875603,4.1360508e-05,conditional_negative_c01,reject_if_not_positive_stable
PORCINE_DRYAD_2020,5,control_PBS,0.0082,57.65,stress_0_to_0p03mpa,0.084174897,mr_free_nonnegative,0.03068571,0,0,0.37194799,0.278961,0.18411426,0.0246,0.0044696746,14.898915,0.65964053,0.01446844,boundary_c01_zero,diagnostic_boundary_solution
PORCINE_DRYAD_2020,5,control_PBS,0.0082,57.65,stress_0_to_0p03mpa,0.084174897,mr_fixed_current_ratio,0.025248081,0.0057382002,0.22727273,0.30603735,0.22952801,0.18591769,0.0246,0.0044926971,14.975657,0.65612523,0.014541802,positive_coefficients,bounded_screening_approximation
PORCINE_DRYAD_2020,5,control_PBS,0.0082,57.65,stress_0_to_0p03mpa,0.084174897,mr_small_strain_conversion,0.0033407407,0.00075925926,0.22727273,0.040493827,0.03037037,0.0246,0.0246,0.0089758327,29.919442,-0.37257321,0.027954623,positive_coefficients,initial_tangent_only
PORCINE_DRYAD_2020,5,control_PBS,0.0082,57.65,stress_0_to_0p03mpa,0.084174897,mr_free_unconstrained,0.95134798,-0.97866447,-1.0287135,11.531491,8.648618,-0.16389899,0.0246,0.0015636919,5.2123063,0.95834296,0.0053674138,invalid_negative_initial_stiffness,reject_if_not_positive_stable
PORCINE_DRYAD_2020,5,CXL,0.0088,90.42,strain_0_to_0p03,0.03,mr_free_nonnegative,0.010836232,0,0,0.13134827,0.098511204,0.065017395,0.0264,0.00028958214,10.464941,0.85453522,0.0008160745,boundary_c01_zero,diagnostic_boundary_solution
PORCINE_DRYAD_2020,5,CXL,0.0088,90.42,strain_0_to_0p03,0.03,mr_fixed_current_ratio,0.0088633369,0.0020143947,0.22727273,0.10743439,0.08057579,0.06526639,0.0264,0.00029072625,10.506287,0.85338351,0.00081916646,positive_coefficients,bounded_screening_approximation
PORCINE_DRYAD_2020,5,CXL,0.0088,90.42,strain_0_to_0p03,0.03,mr_small_strain_conversion,0.0035851852,0.00081481481,0.22727273,0.04345679,0.032592593,0.0264,0.0264,0.00073138381,26.430804,0.072091828,0.0019792069,positive_coefficients,initial_tangent_only
PORCINE_DRYAD_2020,5,CXL,0.0088,90.42,strain_0_to_0p03,0.03,mr_free_unconstrained,0.48587616,-0.48573072,-0.99970066,5.889408,4.417056,0.00087264829,0.0264,6.3136922e-05,2.2816469,0.99308518,0.00019368628,conditional_negative_c01,reject_if_not_positive_stable
PORCINE_DRYAD_2020,5,CXL,0.0088,90.42,stress_0_to_0p03mpa,0.057302579,mr_free_nonnegative,0.042383655,0,0,0.51374128,0.38530596,0.25430193,0.0264,0.0046136184,15.378728,0.62330195,0.015412758,boundary_c01_zero,diagnostic_boundary_solution
PORCINE_DRYAD_2020,5,CXL,0.0088,90.42,stress_0_to_0p03mpa,0.057302579,mr_fixed_current_ratio,0.034765954,0.0079013532,0.22727273,0.4214055,0.31605413,0.25600384,0.0264,0.00462867,15.4289,0.62084004,0.015462518,positive_coefficients,bounded_screening_approximation
PORCINE_DRYAD_2020,5,CXL,0.0088,90.42,stress_0_to_0p03mpa,0.057302579,mr_small_strain_conversion,0.0035851852,0.00081481481,0.22727273,0.04345679,0.032592593,0.0264,0.0264,0.008855279,29.517597,-0.38776052,0.028500845,positive_coefficients,initial_tangent_only
PORCINE_DRYAD_2020,5,CXL,0.0088,90.42,stress_0_to_0p03mpa,0.057302579,mr_free_unconstrained,2.0459105,-2.0895479,-1.0213291,24.798915,18.599186,-0.26182492,0.0264,0.0017131657,5.7105522,0.94805919,0.0060423508,invalid_negative_initial_stiffness,reject_if_not_positive_stable
PORCINE_DRYAD_2020,6,control_PBS,0.0096,53.1,strain_0_to_0p03,0.03,mr_free_nonnegative,0.0073634956,0,0,0.089254492,0.066940869,0.044180973,0.0288,9.5572212e-05,6.0785197,0.95404847,0.00024647893,boundary_c01_zero,diagnostic_boundary_solution
PORCINE_DRYAD_2020,6,control_PBS,0.0096,53.1,strain_0_to_0p03,0.03,mr_fixed_current_ratio,0.0060236596,0.0013690135,0.22727273,0.073014055,0.054760541,0.044356039,0.0288,9.6361059e-05,6.1286915,0.95328677,0.00024840488,positive_coefficients,bounded_screening_approximation
PORCINE_DRYAD_2020,6,control_PBS,0.0096,53.1,strain_0_to_0p03,0.03,mr_small_strain_conversion,0.0039111111,0.00088888889,0.22727273,0.047407407,0.035555556,0.0288,0.0288,0.00028537252,18.150072,0.59030466,0.00071270407,positive_coefficients,initial_tangent_only
PORCINE_DRYAD_2020,6,control_PBS,0.0096,53.1,strain_0_to_0p03,0.03,mr_free_unconstrained,0.16643312,-0.1626495,-0.97726638,2.0173712,1.5130284,0.022701766,0.0288,1.3349396e-05,0.84903931,0.99910348,3.8068942e-05,conditional_negative_c01,reject_if_not_positive_stable
PORCINE_DRYAD_2020,6,control_PBS,0.0096,53.1,stress_0_to_0p03mpa,0.086797319,mr_free_nonnegative,0.030869332,0,0,0.37417372,0.28063029,0.18521599,0.0288,0.0043656988,14.552329,0.68183922,0.013886601,boundary_c01_zero,diagnostic_boundary_solution
PORCINE_DRYAD_2020,6,control_PBS,0.0096,53.1,stress_0_to_0p03mpa,0.086797319,mr_fixed_current_ratio,0.025408239,0.0057745998,0.22727273,0.30797866,0.23098399,0.18709703,0.0288,0.0043903926,14.634642,0.67822979,0.01396369,positive_coefficients,bounded_screening_approximation
PORCINE_DRYAD_2020,6,control_PBS,0.0096,53.1,stress_0_to_0p03mpa,0.086797319,mr_small_strain_conversion,0.0039111111,0.00088888889,0.22727273,0.047407407,0.035555556,0.0288,0.0288,0.0090036601,30.0122,-0.35324769,0.027531518,positive_coefficients,initial_tangent_only
PORCINE_DRYAD_2020,6,control_PBS,0.0096,53.1,stress_0_to_0p03mpa,0.086797319,mr_free_unconstrained,0.88253621,-0.90698831,-1.0277066,10.697409,8.0230565,-0.1467126,0.0288,0.0014640479,4.8801595,0.96421923,0.0049525804,invalid_negative_initial_stiffness,reject_if_not_positive_stable
PORCINE_DRYAD_2020,6,CXL,0.0085,84.4,strain_0_to_0p03,0.03,mr_free_nonnegative,0.0096164765,0,0,0.11656335,0.087422513,0.057698859,0.0255,0.00023451071,9.8403962,0.87290464,0.00065167304,boundary_c01_zero,diagnostic_boundary_solution
PORCINE_DRYAD_2020,6,CXL,0.0085,84.4,strain_0_to_0p03,0.03,mr_fixed_current_ratio,0.0078658297,0.0017876886,0.22727273,0.09534339,0.071507542,0.057921109,0.0255,0.00023552883,9.8831179,0.87179868,0.00065437865,positive_coefficients,bounded_screening_approximation
PORCINE_DRYAD_2020,6,CXL,0.0085,84.4,strain_0_to_0p03,0.03,mr_small_strain_conversion,0.003462963,0.00078703704,0.22727273,0.041975309,0.031481481,0.0255,0.0255,0.00060735414,25.485426,0.14751188,0.0016220476,positive_coefficients,initial_tangent_only
PORCINE_DRYAD_2020,6,CXL,0.0085,84.4,strain_0_to_0p03,0.03,mr_free_unconstrained,0.39536918,-0.39443408,-0.99763487,4.7923537,3.5942653,0.0056105856,0.0255,4.8238075e-05,2.0241368,0.99462245,0.00014626723,conditional_negative_c01,reject_if_not_positive_stable
PORCINE_DRYAD_2020,6,CXL,0.0085,84.4,stress_0_to_0p03mpa,0.061083228,mr_free_nonnegative,0.039992544,0,0,0.4847581,0.36356858,0.23995526,0.0255,0.0046016996,15.338999,0.62666684,0.015325578,boundary_c01_zero,diagnostic_boundary_solution
PORCINE_DRYAD_2020,6,CXL,0.0085,84.4,stress_0_to_0p03mpa,0.061083228,mr_fixed_current_ratio,0.032818742,0.0074588049,0.22727273,0.39780293,0.2983522,0.24166528,0.0255,0.0046177818,15.392606,0.62405279,0.015378554,positive_coefficients,bounded_screening_approximation
PORCINE_DRYAD_2020,6,CXL,0.0085,84.4,stress_0_to_0p03mpa,0.061083228,mr_small_strain_conversion,0.003462963,0.00078703704,0.22727273,0.041975309,0.031481481,0.0255,0.0255,0.0088701121,29.56704,-0.38713349,0.028457177,positive_coefficients,initial_tangent_only
PORCINE_DRYAD_2020,6,CXL,0.0085,84.4,stress_0_to_0p03mpa,0.061083228,mr_free_unconstrained,1.8036315,-1.8443436,-1.0225723,21.8622,16.39665,-0.24427254,0.0255,0.0017002105,5.6673684,0.94903577,0.0059804727,invalid_negative_initial_stiffness,reject_if_not_positive_stable
PORCINE_DRYAD_2020,7,control_PBS,0.0133,51.36,strain_0_to_0p03,0.03,mr_free_nonnegative,0.01001049,0,0,0.12133928,0.091004458,0.060062942,0.0399,0.00012412935,5.8519066,0.95751806,0.00031876476,boundary_c01_zero,diagnostic_boundary_solution
PORCINE_DRYAD_2020,7,control_PBS,0.0133,51.36,strain_0_to_0p03,0.03,mr_fixed_current_ratio,0.0081890628,0.0018611506,0.22727273,0.099261368,0.074446026,0.060301281,0.0399,0.00012520234,5.9024914,0.95678045,0.00032137285,positive_coefficients,bounded_screening_approximation
PORCINE_DRYAD_2020,7,control_PBS,0.0133,51.36,strain_0_to_0p03,0.03,mr_small_strain_conversion,0.0054185185,0.0012314815,0.22727273,0.065679012,0.049259259,0.0399,0.0399,0.00037386333,17.62527,0.61462717,0.0009302874,positive_coefficients,initial_tangent_only
PORCINE_DRYAD_2020,7,control_PBS,0.0133,51.36,strain_0_to_0p03,0.03,mr_free_unconstrained,0.21672047,-0.21136199,-0.97527472,2.6269148,1.9701861,0.032150848,0.0399,1.6867437e-05,0.79519201,0.99921557,4.7937301e-05,conditional_negative_c01,reject_if_not_positive_stable
PORCINE_DRYAD_2020,7,control_PBS,0.0133,51.36,stress_0_to_0p03mpa,0.082287956,mr_free_nonnegative,0.034390856,0,0,0.41685886,0.31264414,0.20634513,0.0399,0.0041860817,13.953606,0.71560969,0.01298487,boundary_c01_zero,diagnostic_boundary_solution
PORCINE_DRYAD_2020,7,control_PBS,0.0133,51.36,stress_0_to_0p03mpa,0.082287956,mr_fixed_current_ratio,0.028295533,0.0064308029,0.22727273,0.34297615,0.25723211,0.20835801,0.0399,0.0042111364,14.037121,0.71219521,0.013060797,positive_coefficients,bounded_screening_approximation
PORCINE_DRYAD_2020,7,control_PBS,0.0133,51.36,stress_0_to_0p03mpa,0.082287956,mr_small_strain_conversion,0.0054185185,0.0012314815,0.22727273,0.065679012,0.049259259,0.0399,0.0399,0.0089822984,29.940995,-0.30940608,0.026756188,positive_coefficients,initial_tangent_only
PORCINE_DRYAD_2020,7,control_PBS,0.0133,51.36,stress_0_to_0p03mpa,0.082287956,mr_free_unconstrained,0.9482632,-0.9701603,-1.0230918,11.494099,8.6205746,-0.13138259,0.0399,0.0013093986,4.3646621,0.97217449,0.0043390974,invalid_negative_initial_stiffness,reject_if_not_positive_stable
PORCINE_DRYAD_2020,7,CXL,0.0288,67.62,strain_0_to_0p03,0.03,mr_free_nonnegative,0.02615981,0,0,0.31708861,0.23781645,0.15695886,0.0864,0.00047274523,7.9149454,0.9202653,0.0012626801,boundary_c01_zero,diagnostic_boundary_solution
PORCINE_DRYAD_2020,7,CXL,0.0288,67.62,strain_0_to_0p03,0.03,mr_fixed_current_ratio,0.021398802,0.0048633641,0.22727273,0.25937942,0.19453456,0.157573,0.0864,0.00047553385,7.9616339,0.91932185,0.0012697553,positive_coefficients,bounded_screening_approximation
PORCINE_DRYAD_2020,7,CXL,0.0288,67.62,strain_0_to_0p03,0.03,mr_small_strain_conversion,0.011733333,0.0026666667,0.22727273,0.14222222,0.10666667,0.0864,0.0864,0.0013177611,22.062638,0.38046422,0.0033940471,positive_coefficients,initial_tangent_only
PORCINE_DRYAD_2020,7,CXL,0.0288,67.62,strain_0_to_0p03,0.03,mr_free_unconstrained,0.80911302,-0.80057361,-0.98944595,9.8074306,7.355573,0.051236514,0.0864,8.0722769e-05,1.3515024,0.9976752,0.00023686974,conditional_negative_c01,reject_if_not_positive_stable
PORCINE_DRYAD_2020,7,CXL,0.0288,67.62,stress_0_to_0p03mpa,0.054156489,mr_free_nonnegative,0.056281821,0,0,0.6822039,0.51165292,0.33769093,0.0864,0.0038911417,12.970472,0.76241317,0.011694884,boundary_c01_zero,diagnostic_boundary_solution
PORCINE_DRYAD_2020,7,CXL,0.0288,67.62,stress_0_to_0p03mpa,0.054156489,mr_fixed_current_ratio,0.046162933,0.010491576,0.22727273,0.5595507,0.41966302,0.33992705,0.0864,0.0039096703,13.032234,0.76014514,0.011748975,positive_coefficients,bounded_screening_approximation
PORCINE_DRYAD_2020,7,CXL,0.0288,67.62,stress_0_to_0p03mpa,0.054156489,mr_small_strain_conversion,0.011733333,0.0026666667,0.22727273,0.14222222,0.10666667,0.0864,0.0864,0.0087973469,29.32449,-0.21442777,0.025361097,positive_coefficients,initial_tangent_only
PORCINE_DRYAD_2020,7,CXL,0.0288,67.62,stress_0_to_0p03mpa,0.054156489,mr_free_unconstrained,2.0091717,-2.0321441,-1.0114337,24.353597,18.265197,-0.1378342,0.0864,0.0010879375,3.6264583,0.98142725,0.0035164985,invalid_negative_initial_stiffness,reject_if_not_positive_stable
