relative_path	size_bytes	mtime_utc	sha256	cleanup_class
iop0/eyelid_1p25mm_indent_0p28mm/attempt_1/eyelid_1p25mm_indent_0p28mm0.DSPmatK	0	2026-08-13T02:55:32Z	e3b0c44298fc1c149afbf4c8996fb92427ae41e4649b934ca495991b7852b855	solver_scratch
iop0/eyelid_1p25mm_indent_0p28mm/attempt_1/eyelid_1p25mm_indent_0p28mm0.DSPstack	0	2026-08-13T02:55:32Z	e3b0c44298fc1c149afbf4c8996fb92427ae41e4649b934ca495991b7852b855	solver_scratch
iop0/eyelid_1p25mm_indent_0p28mm/attempt_1/eyelid_1p25mm_indent_0p28mm0.DSPsymb	36962304	2026-08-13T02:55:36Z	0fb259e0d5186324d303968827ab5d71129bbcfb0cd3229e31a0fda463ee5aa2	solver_scratch
iop0/eyelid_1p25mm_indent_0p28mm/attempt_1/eyelid_1p25mm_indent_0p28mm0.DSPtri	0	2026-08-13T02:55:32Z	e3b0c44298fc1c149afbf4c8996fb92427ae41e4649b934ca495991b7852b855	solver_scratch
iop0/eyelid_1p25mm_indent_0p28mm/attempt_1/eyelid_1p25mm_indent_0p28mm0.DSPtriU	0	2026-08-13T02:55:32Z	e3b0c44298fc1c149afbf4c8996fb92427ae41e4649b934ca495991b7852b855	solver_scratch
iop0/eyelid_1p25mm_indent_0p28mm/attempt_1/eyelid_1p25mm_indent_0p28mm0.esav	608436224	2026-08-13T03:28:03Z	dcf3f68d398bae11dbeb782c62c075a4768bcaebbf1d96de4a842199c9a74e91	solver_scratch
iop0/eyelid_1p25mm_indent_0p28mm/attempt_1/eyelid_1p25mm_indent_0p28mm0.full	0	2026-08-13T02:54:59Z	e3b0c44298fc1c149afbf4c8996fb92427ae41e4649b934ca495991b7852b855	solver_scratch
iop0/eyelid_1p25mm_indent_0p28mm/attempt_1/eyelid_1p25mm_indent_0p28mm0.osav	292093952	2026-08-13T03:27:55Z	dc21688538735df1b6ad89d20616dce8bc52af352f27b610b32ad0823e446f0e	solver_scratch
iop0/eyelid_1p25mm_indent_0p28mm/attempt_1/eyelid_1p25mm_indent_0p28mm0.page	0	2026-08-13T02:54:24Z	e3b0c44298fc1c149afbf4c8996fb92427ae41e4649b934ca495991b7852b855	solver_scratch
iop0/eyelid_1p25mm_indent_0p28mm/attempt_1/eyelid_1p25mm_indent_0p28mm0.r001	292093952	2026-08-13T03:27:51Z	9077148f8f3ecc4b9d06c1a4eed3592f5c30fd78b2df441619e3f40508f17a4a	solver_scratch
iop0/eyelid_1p25mm_indent_0p28mm/attempt_1/eyelid_1p25mm_indent_0p28mm0.rst	1049493504	2026-08-13T03:27:51Z	68889b5c7e2e54d2849ebd005056c2d6cd2055111d3b708087b3be9bab8dc660	incomplete_rst
iop0/eyelid_1p25mm_indent_0p28mm/attempt_1/eyelid_1p25mm_indent_0p28mm1.DSPmatK	0	2026-08-13T02:55:32Z	e3b0c44298fc1c149afbf4c8996fb92427ae41e4649b934ca495991b7852b855	solver_scratch
iop0/eyelid_1p25mm_indent_0p28mm/attempt_1/eyelid_1p25mm_indent_0p28mm1.DSPstack	0	2026-08-13T02:55:32Z	e3b0c44298fc1c149afbf4c8996fb92427ae41e4649b934ca495991b7852b855	solver_scratch
iop0/eyelid_1p25mm_indent_0p28mm/attempt_1/eyelid_1p25mm_indent_0p28mm1.DSPsymb	37748736	2026-08-13T02:55:36Z	ea3fa6a7e7d2f152537299b383bb85951cbe98df4c094eb3c9d2e552e639dee0	solver_scratch
iop0/eyelid_1p25mm_indent_0p28mm/attempt_1/eyelid_1p25mm_indent_0p28mm1.DSPtri	0	2026-08-13T02:55:32Z	e3b0c44298fc1c149afbf4c8996fb92427ae41e4649b934ca495991b7852b855	solver_scratch
iop0/eyelid_1p25mm_indent_0p28mm/attempt_1/eyelid_1p25mm_indent_0p28mm1.DSPtriU	0	2026-08-13T02:55:32Z	e3b0c44298fc1c149afbf4c8996fb92427ae41e4649b934ca495991b7852b855	solver_scratch
iop0/eyelid_1p25mm_indent_0p28mm/attempt_1/eyelid_1p25mm_indent_0p28mm1.esav	739704832	2026-08-13T03:28:03Z	ab19530f5018d1724443e85ab03bb1bfcb9761be2d69f2fc2962e1659f1a64a3	solver_scratch
iop0/eyelid_1p25mm_indent_0p28mm/attempt_1/eyelid_1p25mm_indent_0p28mm1.full	0	2026-08-13T02:54:59Z	e3b0c44298fc1c149afbf4c8996fb92427ae41e4649b934ca495991b7852b855	solver_scratch
iop0/eyelid_1p25mm_indent_0p28mm/attempt_1/eyelid_1p25mm_indent_0p28mm1.osav	260440064	2026-08-13T03:27:55Z	9daed2f8ef0cee97e9acb0a8d637448d651e824154e10eecfcdf040e19319019	solver_scratch
iop0/eyelid_1p25mm_indent_0p28mm/attempt_1/eyelid_1p25mm_indent_0p28mm1.page	0	2026-08-13T02:54:24Z	e3b0c44298fc1c149afbf4c8996fb92427ae41e4649b934ca495991b7852b855	solver_scratch
iop0/eyelid_1p25mm_indent_0p28mm/attempt_1/eyelid_1p25mm_indent_0p28mm1.r001	260440064	2026-08-13T03:27:51Z	977e0471fc593f9e49c418de3dcb4d25ce8c3b06559504276c05bd4e9973a5fe	solver_scratch
iop0/eyelid_1p25mm_indent_0p28mm/attempt_1/eyelid_1p25mm_indent_0p28mm1.rst	1069481984	2026-08-13T03:27:51Z	17773eab286c36254d6167fa60d217c64d3ce8ed7cebc52ece0b789295a21ce3	incomplete_rst
iop0/eyelid_1p25mm_indent_0p28mm/attempt_1/eyelid_1p25mm_indent_0p28mm2.DSPmatK	0	2026-08-13T02:55:32Z	e3b0c44298fc1c149afbf4c8996fb92427ae41e4649b934ca495991b7852b855	solver_scratch
iop0/eyelid_1p25mm_indent_0p28mm/attempt_1/eyelid_1p25mm_indent_0p28mm2.DSPstack	0	2026-08-13T02:55:32Z	e3b0c44298fc1c149afbf4c8996fb92427ae41e4649b934ca495991b7852b855	solver_scratch
iop0/eyelid_1p25mm_indent_0p28mm/attempt_1/eyelid_1p25mm_indent_0p28mm2.DSPsymb	57147392	2026-08-13T02:55:36Z	b8128b3a49f8680a0578fa4ba96883c6aa032ea8c185040e6e620cf71e926e00	solver_scratch
iop0/eyelid_1p25mm_indent_0p28mm/attempt_1/eyelid_1p25mm_indent_0p28mm2.DSPtri	0	2026-08-13T02:55:32Z	e3b0c44298fc1c149afbf4c8996fb92427ae41e4649b934ca495991b7852b855	solver_scratch
iop0/eyelid_1p25mm_indent_0p28mm/attempt_1/eyelid_1p25mm_indent_0p28mm2.DSPtriU	0	2026-08-13T02:55:32Z	e3b0c44298fc1c149afbf4c8996fb92427ae41e4649b934ca495991b7852b855	solver_scratch
iop0/eyelid_1p25mm_indent_0p28mm/attempt_1/eyelid_1p25mm_indent_0p28mm2.esav	718995456	2026-08-13T03:28:03Z	93f6a643e2c2ef892e81253422f13a68ff5ade76508f3b3878f4b87388616096	solver_scratch
iop0/eyelid_1p25mm_indent_0p28mm/attempt_1/eyelid_1p25mm_indent_0p28mm2.full	0	2026-08-13T02:54:59Z	e3b0c44298fc1c149afbf4c8996fb92427ae41e4649b934ca495991b7852b855	solver_scratch
iop0/eyelid_1p25mm_indent_0p28mm/attempt_1/eyelid_1p25mm_indent_0p28mm2.osav	291569664	2026-08-13T03:27:55Z	a28fe0fa372412525ea61fb6f8e7c0f1670b7e67d54ab6c11a2f176934f1807d	solver_scratch
iop0/eyelid_1p25mm_indent_0p28mm/attempt_1/eyelid_1p25mm_indent_0p28mm2.page	0	2026-08-13T02:54:24Z	e3b0c44298fc1c149afbf4c8996fb92427ae41e4649b934ca495991b7852b855	solver_scratch
iop0/eyelid_1p25mm_indent_0p28mm/attempt_1/eyelid_1p25mm_indent_0p28mm2.r001	291569664	2026-08-13T03:27:51Z	4a42db694a97c65e3258060c19b16f64bf537b89ec125de10ca3753edd7b893b	solver_scratch
iop0/eyelid_1p25mm_indent_0p28mm/attempt_1/eyelid_1p25mm_indent_0p28mm2.rst	1204748288	2026-08-13T03:27:51Z	f701af494468ffe5e4ac080807161e339e1c446d376987632b82b708a56a048b	incomplete_rst
iop0/eyelid_1p25mm_indent_0p28mm/attempt_1/eyelid_1p25mm_indent_0p28mm3.DSPmatK	0	2026-08-13T02:55:32Z	e3b0c44298fc1c149afbf4c8996fb92427ae41e4649b934ca495991b7852b855	solver_scratch
iop0/eyelid_1p25mm_indent_0p28mm/attempt_1/eyelid_1p25mm_indent_0p28mm3.DSPstack	0	2026-08-13T02:55:32Z	e3b0c44298fc1c149afbf4c8996fb92427ae41e4649b934ca495991b7852b855	solver_scratch
iop0/eyelid_1p25mm_indent_0p28mm/attempt_1/eyelid_1p25mm_indent_0p28mm3.DSPsymb	99352576	2026-08-13T02:55:36Z	a27c924442f3fb6f2b32e4f49428859a651d0f05e5fe98994ae4dbfa88bc7d49	solver_scratch
iop0/eyelid_1p25mm_indent_0p28mm/attempt_1/eyelid_1p25mm_indent_0p28mm3.DSPtri	0	2026-08-13T02:55:32Z	e3b0c44298fc1c149afbf4c8996fb92427ae41e4649b934ca495991b7852b855	solver_scratch
iop0/eyelid_1p25mm_indent_0p28mm/attempt_1/eyelid_1p25mm_indent_0p28mm3.DSPtriU	0	2026-08-13T02:55:32Z	e3b0c44298fc1c149afbf4c8996fb92427ae41e4649b934ca495991b7852b855	solver_scratch
iop0/eyelid_1p25mm_indent_0p28mm/attempt_1/eyelid_1p25mm_indent_0p28mm3.esav	604766208	2026-08-13T03:28:03Z	a95dc6a26ebe41ddd0c6f9bdac976edd8469401776da23d20378ab2bfba17ed1	solver_scratch
iop0/eyelid_1p25mm_indent_0p28mm/attempt_1/eyelid_1p25mm_indent_0p28mm3.full	0	2026-08-13T02:54:59Z	e3b0c44298fc1c149afbf4c8996fb92427ae41e4649b934ca495991b7852b855	solver_scratch
iop0/eyelid_1p25mm_indent_0p28mm/attempt_1/eyelid_1p25mm_indent_0p28mm3.osav	183304192	2026-08-13T03:27:55Z	b1a4c6cdc1450c08cf1e9f015f74298c3c713c16c364cc3efb9cef52ac23eade	solver_scratch
iop0/eyelid_1p25mm_indent_0p28mm/attempt_1/eyelid_1p25mm_indent_0p28mm3.page	0	2026-08-13T02:54:24Z	e3b0c44298fc1c149afbf4c8996fb92427ae41e4649b934ca495991b7852b855	solver_scratch
iop0/eyelid_1p25mm_indent_0p28mm/attempt_1/eyelid_1p25mm_indent_0p28mm3.r001	183304192	2026-08-13T03:27:51Z	0d719bf0ec3ded3015d10af95f712aa8aba4fb2f103194824746eb551edda5ad	solver_scratch
iop0/eyelid_1p25mm_indent_0p28mm/attempt_1/eyelid_1p25mm_indent_0p28mm3.rst	583925760	2026-08-13T03:27:51Z	86e2fa09124d204740889a18348ef6e9ef1e9ca9dd9a5ae564d76ff4e9d566df	incomplete_rst
iop0/eyelid_1p25mm_indent_0p28mm/attempt_1/eyelid_1p25mm_indent_0p28mm.ldhi	13769388	2026-08-13T03:27:53Z	08901d8fef261f6dc48ad7537cb880423ebdd90bfdc1a8cb5790b5f063d23e3c	solver_scratch
iop0/eyelid_1p25mm_indent_0p28mm/attempt_1/eyelid_1p25mm_indent_0p28mm.rdb	493355008	2026-08-13T02:55:30Z	05c0a8fc8df37423e7b1f854ac2a9df5ec055fdc87fa8c30f12bbd3ca68f0b31	solver_scratch
